sistema;ingles;espanol;latin;neerlandes;fuente_nl;nl_alternativa;papiamento;fuente_pap;ok_nl;ok_pap;correccion_nl;correccion_pap;revisor
articulaciones;Acetabular labrum;Labro acetabular;Labrum acetabuli;labrum acetabulare;ia;;labro acetabular;ia;;;;;
articulaciones;Acromioclavicular ligament;Ligamento acromioclavicular;Ligamentum acromioclaviculare;ligamentum acromioclaviculare;ia;;ligamento acromioclavicular;ia;;;;;
articulaciones;Annular ligament of radius;Ligamento anular del radio;Ligamentum anulare radii;ligamentum anulare radii;ia;;ligamento anular di radio;ia;;;;;
articulaciones;Anterior cruciate ligament;Ligamento cruzado anterior;Ligamentum cruciatum anterius;voorste kruisband;wikipedia-nl;;ligamento cruzado anterior;ia;;;;;
articulaciones;Anterior ligament of fibular head;Ligamento anterior de la cabeza de la fibula;Ligamentum anterius capitis fibulae;ligamentum capitis fibulae anterius;ia;;ligamento anterior di cabes di fibula;ia;;;;;
articulaciones;Anterior longitudinal ligament;Ligamento longitudinal anterior;Ligamentum longitudinale anterius;ligamentum longitudinale anterius;ia;;ligamento longitudinal anterior;ia;;;;;
articulaciones;Anterior meniscotibial ligament (Lateral meniscus);Ligamento meniscotibial anterior (Menisco lateral);Ligamentum meniscotibiale anterior (Meniscus lateral);ligamentum meniscotibiale anterius (laterale meniscus);ia;;ligamento meniscotibial anterior (menisco lateral);ia;;;;;
articulaciones;Anterior meniscotibial ligament (Medial meniscus);Ligamento meniscotibial anterior (Menisco medial);Ligamentum meniscotibiale anterior (Meniscus medial);ligamentum meniscotibiale anterius (mediale meniscus);ia;;ligamento meniscotibial anterior (menisco medial);ia;;;;;
articulaciones;Anterior sacro-iliac ligament;Ligamento sacroilíaco anterior;Ligamentum sacroiliacum anterius;ligamentum sacroiliacum anterius;ia;;ligamento sacroiliaco anterior;ia;;;;;
articulaciones;Anterior sternoclavicular ligament;Ligamento esternoclavicular anterior;Ligamentum sternoclaviculare anterius;ligamentum sternoclaviculare anterius;ia;;ligamento esternoclavicular anterior;ia;;;;;
articulaciones;Anterior talocalcaneal ligament;Ligamento talocalcáneo anterior;Ligamentum talocalcaneum anterius;ligamentum talocalcaneum anterius;ia;;ligamento talocalcaneo anterior;ia;;;;;
articulaciones;Anterior talofibular ligament;Ligamento talofibular anterior;Ligamentum talofibulare anterius;ligamentum talofibulare anterius;ia;;ligamento talofibular anterior;ia;;;;;
articulaciones;Anterior tibiofibular ligament;Ligamento tibiofibular anterior;Ligamentum tibiofibulare anterius;ligamentum tibiofibulare anterius;ia;;ligamento tibiofibular anterior;ia;;;;;
articulaciones;Arcuate popliteal ligament;Ligamento poplíteo arqueado;Ligamentum popliteum arcuatum;ligamentum popliteum arcuatum;ia;;ligamento popliteo arqueado;ia;;;;;
articulaciones;Articular capsule of acromioclavicular joint;Cápsula articular de la articulación acromioclavicular;Capsula articularis articularis acromioclavicularis;gewrichtskapsel van het acromioclaviculaire gewricht;ia;;capsula articular di articulacion acromioclavicular;ia;;;;;
articulaciones;Articular capsule of elbow joint;Cápsula articular de la articulación del codo;Capsula articularis articulation cubiti;gewrichtskapsel van het ellebooggewricht;ia;elleboog;capsula articular di articulacion di elbog;ia;;;;;
articulaciones;Articular capsule of glenohumeral joint;Capsula articular de la articulacion glenohumeral;Capsula articularis articulatio glenohumeralis;gewrichtskapsel van het schoudergewricht;ia;schouder;capsula articular di articulacion glenohumeral;ia;;;;;
articulaciones;Articular capsule of hip joint;Cápsula articular de la articulación de la cadera;Capsula articularis coxae;gewrichtskapsel van het heupgewricht;ia;heup;capsula articular di articulacion di cadera;ia;;;;;
articulaciones;Articular capsule of interphalangeal joint of great toe;Cápsula articular de la art. interfalángica del hallux;Capsula articularis articuli interphalangealis hallucis;gewrichtskapsel van het interfalangeale gewricht van de grote teen;ia;;capsula articular di articulacion interfalangica di dede grandi di pia;ia;;;;;
articulaciones;Articular capsule of knee joint;Cápsula articular de la articulación de la rodilla;Capsula articularis genus;gewrichtskapsel van het kniegewricht;ia;knie;capsula articular di articulacion di rudia;ia;;;;;
articulaciones;Articular capsule of radiocarpal joint;Cápsula articular de la articulación radiocarpiana;Capsula articularis articulatio radiocarpea;gewrichtskapsel van het radiocarpale gewricht;ia;pols;capsula articular di articulacion radiocarpiana;ia;;;;;
articulaciones;Articular capsule of sternoclavicular joint;Cápsula articular de la articulación esternoclavicular;Capsula articularis articuli sternoclavicularis;gewrichtskapsel van het sternoclaviculaire gewricht;ia;;capsula articular di articulacion esternoclavicular;ia;;;;;
articulaciones;Articular capsule of superior tibiofibular joint;Cápsula articular de la articulación tibioperonea superior;Capsula articularis articularis tibiofibularis superior;gewrichtskapsel van het bovenste tibiofibulaire gewricht;ia;;capsula articular di articulacion tibiofibular superior;ia;;;;;
articulaciones;Articular capsule of temporomandibular joint;Cápsula articular de la articulación temporomandibular;Capsula articularis articuli temporomandibularis;gewrichtskapsel van het kaakgewricht;ia;kaakgewricht;capsula articular di articulacion temporomandibular;ia;;;;;
articulaciones;Articular capsules of distal interphalangeal joints;Capsulas articulares de las art. interfalangeas distales;Capsulae articulareae articulationes interphalangeae distalis;gewrichtskapsels van de distale interfalangeale gewrichten;ia;;capsulanan articular di articulacionnan interfalangica distal;ia;;;;;
articulaciones;Articular capsules of distal interphalangeal joints of foot;Cápsulas art. de las art. interfalángicas dist. del pie;Capsulae articulares distali art. interphalangelorum pedis;gewrichtskapsels van de distale interfalangeale gewrichten van de voet;ia;;capsulanan articular di articulacionnan interfalangica distal di pia;ia;;;;;
articulaciones;Articular capsules of metacarpophalangeal joints;Cápsulas articulares de las art. metacarpofalángicas;Capsulae articulariae articulationes metacarpophalnageae;gewrichtskapsels van de metacarpofalangeale gewrichten;ia;;capsulanan articular di articulacionnan metacarpofalangica;ia;;;;;
articulaciones;Articular capsules of metatarsophalangeal joints;Capsulas articulares de las articulaciones metatarsofalangeas;Capsulae articulareae articulationes glenohumerae;gewrichtskapsels van de metatarsofalangeale gewrichten;ia;;capsulanan articular di articulacionnan metatarsofalangica;ia;;;;;
articulaciones;Articular capsules of proximal interphalangeal joints;Capsulas articulares de las art. interfalangeas proximales;Capsulae articulareae art. interphalangeae proximalis;gewrichtskapsels van de proximale interfalangeale gewrichten;ia;;capsulanan articular di articulacionnan interfalangica proximal;ia;;;;;
articulaciones;Articular capsules of proximal interphalangeal joints of foot;Cápsulas art. de las art. interfalángicas prox. del pie;Capsulae articulares art. interphalangelorum prox. pedis;gewrichtskapsels van de proximale interfalangeale gewrichten van de voet;ia;;capsulanan articular di articulacionnan interfalangica proximal di pia;ia;;;;;
articulaciones;Articular disc of acromioclavicular joint;Disco articular de la articulación acromioclavicular;Discus articulationis acromioclavicularis;discus articularis van het acromioclaviculaire gewricht;ia;;disco articular di articulacion acromioclavicular;ia;;;;;
articulaciones;Articular disc of distal radio-ulnar joint;Disco articular de la articulación radio-ulnar distal;Discus articulationis radioulnaris distalis;discus articularis van het distale radio-ulnaire gewricht;ia;pols;disco articular di articulacion radioulnar distal;ia;;;;;
articulaciones;Articular disc of sternoclavicular joint;Disco articular de la articulación esternoclavicular;Discus articulationis sternoclavicularis;discus articularis van het sternoclaviculaire gewricht;ia;;disco articular di articulacion esternoclavicular;ia;;;;;
articulaciones;Articular disc of temporomandibular joint;Disco articular de la articulación temporomandibular;Discus articulationis temporomandibularis;discus articularis van het kaakgewricht;ia;;disco articular di articulacion temporomandibular;ia;;;;;
articulaciones;Calcaneocuboid ligament;Ligamento calcáneo-cuboideo;Ligamentum calcaneocuboideum;ligamentum calcaneocuboideum;ia;;ligamento calcaneocuboideo;ia;;;;;
articulaciones;Calcaneofibular ligament;Ligamento calcáneofibular;Ligamentum calcaneofibulare;ligamentum calcaneofibulare;ia;;ligamento calcaneofibular;ia;;;;;
articulaciones;Calcaneonavicular ligament;Ligamento calcaneonavicular;Ligamentum calcaneonaviculare;ligamentum calcaneonaviculare;ia;;ligamento calcaneonavicular;ia;;;;;
articulaciones;Capitohamate interosseous ligament;Ligamento capitohamatal interóseo;Ligamentum capitohamatum interosseum;ligamentum capitohamatum interosseum;ia;;ligamento interoseo capitohamatal;ia;;;;;
articulaciones;Collateral interphalangeal ligaments of foot;Ligamentos interfalángicos colaterales del pie;Ligamenta interphalangea collateralia pedis;ligamenta collateralia interphalangea pedis;ia;;ligamentonan colateral interfalangico di pia;ia;;;;;
articulaciones;Collateral interphalangeal ligaments of hand;Ligamentos interfalángicos colaterales de la mano;Ligamenta interphalangea collateralia manus;ligamenta collateralia interphalangea manus;ia;;ligamentonan colateral interfalangico di man;ia;;;;;
articulaciones;Collateral metacarpophalangeal ligaments;Ligamentos metacarpofalángicos colaterales;Ligamenta metacarpophalangea collateralia;ligamenta collateralia metacarpophalangea;ia;;ligamentonan colateral metacarpofalangico;ia;;;;;
articulaciones;Collateral metatarsophalangeal ligaments;Ligamentos metatarsofalángicos colaterales;Ligamenta metatarsophalangea collateralia;ligamenta collateralia metatarsophalangea;ia;;ligamentonan colateral metatarsofalangico;ia;;;;;
articulaciones;Conoid ligament;Ligamento conoide;Ligamentum conoideum;ligamentum conoides;wikipedia-nl;ligamentum conoideum;ligamento conoide;ia;;;;;
articulaciones;Coraco-acromial ligament;Ligamento coraco-acromial;Ligamentum coracoacromiale;ligamentum coracoacromiale;ia;ligamentum coracoacromiacum;ligamento coracoacromial;ia;;;;;
articulaciones;Coracohumeral ligament;Ligamento coracohumeral;Ligamentum coracohumerale;ligamentum coracohumerale;ia;;ligamento coracohumeral;ia;;;;;
articulaciones;Costoclavicular ligament;Ligamento costoclavicular;Ligamentum costoclaviculare;ligamentum costoclaviculare;ia;;ligamento costoclavicular;ia;;;;;
articulaciones;Costotransverse ligament;Ligamento costotransverso;Ligamentum costotransversarium;ligamentum costotransversarium;ia;;ligamento costotransverso;ia;;;;;
articulaciones;Cricopharyngeal ligament;Ligamento cricofaríngeo;Ligamentum cricopharyngeum;ligamentum cricopharyngeum;ia;;ligamento cricofaringeo;ia;;;;;
articulaciones;Cuneocuboid interosseous ligament;Ligamento interóseo cuneocuboideo;Ligamentum cuneocuboideum interosseum;ligamentum cuneocuboideum interosseum;ia;;ligamento interoseo cuneocuboideo;ia;;;;;
articulaciones;Cuneometatarsal interosseous ligaments;Ligamentos cuneometatarsianos interóseos;Ligamenta cuneometatarsea interossea;ligamenta cuneometatarsalia interossea;ia;;ligamentonan interoseo cuneometatarsiano;ia;;;;;
articulaciones;Deep part of tibial collateral ligament;Parte profunda del ligamento colateral tibial;Pars profunda ligamenti collateralis tibialis;diepe deel van het ligamentum collaterale tibiale;ia;ligamentum collaterale tibiale;parti profundo di ligamento colateral tibial;ia;;;;;
articulaciones;Deep transverse metacarpal ligament;Ligamento metacarpiano transverso profundo;Ligamentum metacarpeum transversum profundum;ligamentum metacarpale transversum profundum;ia;;ligamento metacarpiano transverso profundo;ia;;;;;
articulaciones;Deep transverse metatarsal ligament;Ligamento metatarsiano transverso profundo;Ligamentum metatarseum transversum profundum;ligamentum metatarsale transversum profundum;ia;;ligamento metatarsiano transverso profundo;ia;;;;;
articulaciones;Descending part of iliofemoral ligament;Parte descendente del ligamento iliofemoral;Pars descendens ligamenti iliofemoralis;pars descendens van het ligamentum iliofemorale;ia;;parti descendente di ligamento iliofemoral;ia;;;;;
articulaciones;Dorsal calcaneocuboid ligament;Ligamento calcáneocuboideo dorsal;Ligamentum calcaneocuboideum dorsale;ligamentum calcaneocuboideum dorsale;ia;;ligamento calcaneocuboideo dorsal;ia;;;;;
articulaciones;Dorsal carpometacarpal ligaments;Ligamentos carpometacarpianos dorsales;Ligamenta carpometacarpea dorsalia;ligamenta carpometacarpalia dorsalia;ia;;ligamentonan carpometacarpiano dorsal;ia;;;;;
articulaciones;Dorsal cuboideonavicular ligament;Ligamento cuboideonavicular dorsal;Ligamentum cuboideonaviculare dorsale;ligamentum cuboideonaviculare dorsale;ia;;ligamento cuboideonavicular dorsal;ia;;;;;
articulaciones;Dorsal cuneocuboid ligament;Ligamento cuneocuboideo dorsal;Ligamentum cuneocuboideum dorsale;ligamentum cuneocuboideum dorsale;ia;;ligamento cuneocuboideo dorsal;ia;;;;;
articulaciones;Dorsal cuneonavicular ligaments;Ligamentos cuneonaviculares dorsales;Ligamenta cuneonavicularia dorsalia;ligamenta cuneonavicularia dorsalia;ia;;ligamentonan cuneonavicular dorsal;ia;;;;;
articulaciones;Dorsal intercarpal ligaments;Ligamentos intercarpianos dorsales;Ligamenta intercarpea dorsalia;ligamenta intercarpalia dorsalia;ia;;ligamentonan intercarpiano dorsal;ia;;;;;
articulaciones;Dorsal intercuneiform ligaments;Ligamentos intercuneiformes dorsales;Ligamenta intercuneiformia dorsalia;ligamenta intercuneiformia dorsalia;ia;;ligamentonan intercuneiforme dorsal;ia;;;;;
articulaciones;Dorsal metacarpal ligaments;Ligamentos metacarpianos dorsales;Ligamenta metacarpea dorsalia;ligamenta metacarpalia dorsalia;ia;;ligamentonan metacarpiano dorsal;ia;;;;;
articulaciones;Dorsal metatarsal ligaments;Ligamentos metatarsianos dorsales;Ligamenta metatarsea dorsalia;ligamenta metatarsalia dorsalia;ia;;ligamentonan metatarsiano dorsal;ia;;;;;
articulaciones;Dorsal radio-ulnar ligament;Ligamento radioulnar dorsal;Ligamentum radioulnare dorsale;ligamentum radioulnare dorsale;ia;;ligamento radioulnar dorsal;ia;;;;;
articulaciones;Dorsal radiocarpal ligament;Ligamento radiocarpiano dorsal;Ligamentum radiocarpeum dorsale;ligamentum radiocarpale dorsale;ia;;ligamento radiocarpiano dorsal;ia;;;;;
articulaciones;Dorsal scaphotriquetral ligament;Ligamento escafotriquetral dorsal;Ligamentum scaphotriquetrum dorsale;ligamentum scaphotriquetrum dorsale;ia;;ligamento escafotriquetral dorsal;ia;;;;;
articulaciones;Dorsal tarsometatarsal ligaments;Ligamentos tarsometatarsianos dorsales;Ligamenta tarsometatarsea dorsalia;ligamenta tarsometatarsalia dorsalia;ia;;ligamentonan tarsometatarsiano dorsal;ia;;;;;
articulaciones;Dorsal ulnocarpal ligament;Ligamento ulnocarpiano dorsal;Ligamentum ulnocarpeum dorsale;ligamentum ulnocarpale dorsale;ia;;ligamento ulnocarpiano dorsal;ia;;;;;
articulaciones;External intercostal membrane;Membrana intercostal externa;Membrana intercostalis externa;membrana intercostalis externa;ia;;membrana intercostal externa;ia;;;;;
articulaciones;Fibular collateral ligament;Ligamento colateral fibular;Ligamentum collaterale fibulare;ligamentum collaterale fibulare;ia;;ligamento colateral fibular;ia;;;;;
articulaciones;Frenula capsulae;;;frenula capsulae;ia;;frenula capsulae;ia;;;;;
articulaciones;Glenoid labrum;Labro glenoideo;Labrum glenoideum;labrum glenoidale;ia;;labro glenoideo;ia;;;;;
articulaciones;Iliolumbar ligament;Ligamento iliolumbar;Ligamentum iliolumbale;ligamentum iliolumbale;ia;;ligamento iliolumbar;ia;;;;;
articulaciones;Inferior glenohumeral ligament;Ligamento glenohumeral inferior;Ligamentum glenohumerale inferius;ligamentum glenohumerale inferius;ia;;ligamento glenohumeral inferior;ia;;;;;
articulaciones;Inferior pubic ligament;Ligamento púbico inferior;Ligamentum pubicum inferius;ligamentum pubicum inferius;ia;schaambeenvoeg;ligamento pubico inferior;ia;;;;;
articulaciones;Inferior transverse scapular ligament;Ligamento transverso inferior de la escáupula;Ligamentum transversum inferius scapulae;ligamentum transversum scapulae inferius;ia;;ligamento transverso inferior di escapula;ia;;;;;
articulaciones;Infrapatellar fat pad;Cuerpo adiposo infrapatelar;Corpus adiposum infrapatellare;corpus adiposum infrapatellare;ia;;curpa adiposo infrapatelar;ia;;;;;
articulaciones;Interclavicular ligament;Ligamento interclavicular;Ligamentum interclaviculare;ligamentum interclaviculare;ia;;ligamento interclavicular;ia;;;;;
articulaciones;Intercornual ligament;Ligamento intercornual;Ligamentum intercornuale;ligamentum intercornuale;ia;;ligamento intercornual;ia;;;;;
articulaciones;Intercuneiform interosseous ligaments;Ligamentos intercuneiformes interóseos;Ligamenta intercuneiformia interossea;ligamenta intercuneiformia interossea;ia;;ligamentonan interoseo intercuneiforme;ia;;;;;
articulaciones;Internal intercostal membrane;Membrana intercostal interna;Membrana intercostalis interna;membrana intercostalis interna;ia;;membrana intercostal interna;ia;;;;;
articulaciones;Interosseous membrane of forearm;Membrana interósea del antebrazo;Membrana interossea antebrachii;membrana interossea van de onderarm;ia;;membrana interosea di antebrasa;ia;;;;;
articulaciones;Interosseous membrane of leg;Membrana interósea de la pierna;Membrana interossea cruris;membrana interossea van het onderbeen;ia;;membrana interosea di pia;ia;;;;;
articulaciones;Interosseous metacarpal ligaments;Ligamentos metacarpianos interóseos;Ligamenta metacarpea interossea;ligamenta metacarpalia interossea;ia;;ligamentonan interoseo metacarpiano;ia;;;;;
articulaciones;Interosseous sacro-iliac ligament;Ligamento sacroilíaco interóseo;Ligamentum sacroiliacum interosseum;ligamentum sacroiliacum interosseum;ia;;ligamento sacroiliaco interoseo;ia;;;;;
articulaciones;Interpubic disc;Disco interpúbico;Discus interpubicus;discus interpubicus;ia;;disco interpubico;ia;;;;;
articulaciones;Intersesamoid ligament;Ligamento intersesamoideo;Ligamentum intersesamoideum;ligamentum intersesamoideum;ia;;ligamento intersesamoideo;ia;;;;;
articulaciones;Interspinous ligaments;Ligamentos interespinosos;Ligamenta interspinalia;ligamenta interspinalia;ia;;ligamentonan interespinoso;ia;;;;;
articulaciones;Intertransverse ligaments;Ligamentos intertransversos;Ligamenta intertransversaria;ligamenta intertransversaria;ia;;ligamentonan intertransverso;ia;;;;;
articulaciones;Intervertebral disc C2-C3;Disco intervertebral C2-C3;Discus intervertebralis C2-C3;tussenwervelschijf C2-C3;ia;tussenwervelschijf;disco intervertebral C2-C3;ia;;;;;
articulaciones;Intervertebral disc C3-C4;Disco intervertebral C3-C4;Discus intervertebralis C3-C4;tussenwervelschijf C3-C4;ia;tussenwervelschijf;disco intervertebral C3-C4;ia;;;;;
articulaciones;Intervertebral disc C4-C5;Disco intervertebral C4-C5;Discus intervertebralis C4-C5;tussenwervelschijf C4-C5;ia;tussenwervelschijf;disco intervertebral C4-C5;ia;;;;;
articulaciones;Intervertebral disc C5-C6;Disco intervertebral C5-C6;Discus intervertebralis C5-C6;tussenwervelschijf C5-C6;ia;tussenwervelschijf;disco intervertebral C5-C6;ia;;;;;
articulaciones;Intervertebral disc C6-C7;Disco intervertebral C6-C7;Discus intervertebralis C6-C7;tussenwervelschijf C6-C7;ia;tussenwervelschijf;disco intervertebral C6-C7;ia;;;;;
articulaciones;Intervertebral disc C7-T1;Disco intervertebral C7-T1;Discus intervertebralis C7-T1;tussenwervelschijf C7-T1;ia;tussenwervelschijf;disco intervertebral C7-T1;ia;;;;;
articulaciones;Intervertebral disc L1-L2;Disco intervertebral L1-L2;Discus intervertebralis L1-L2;tussenwervelschijf L1-L2;ia;tussenwervelschijf;disco intervertebral L1-L2;ia;;;;;
articulaciones;Intervertebral disc L2-L3;Disco intervertebral L2-L3;Discus intervertebralis L2-L3;tussenwervelschijf L2-L3;ia;tussenwervelschijf;disco intervertebral L2-L3;ia;;;;;
articulaciones;Intervertebral disc L3-L4;Disco intervertebral L3-L4;Discus intervertebralis L3-L4;tussenwervelschijf L3-L4;ia;tussenwervelschijf;disco intervertebral L3-L4;ia;;;;;
articulaciones;Intervertebral disc L4-L5;Disco intervertebral L4-L5;Discus intervertebralis L4-L5;tussenwervelschijf L4-L5;ia;tussenwervelschijf;disco intervertebral L4-L5;ia;;;;;
articulaciones;Intervertebral disc L5-S1;Disco intervertebral L5-S1;Discus intervertebralis L5-S1;tussenwervelschijf L5-S1;ia;tussenwervelschijf;disco intervertebral L5-S1;ia;;;;;
articulaciones;Intervertebral disc T1-T2;Disco intervertebral T1-T2;Discus intervertebralis T1-T2;tussenwervelschijf T1-T2;ia;tussenwervelschijf;disco intervertebral T1-T2;ia;;;;;
articulaciones;Intervertebral disc T10-T11;Disco intervertebral T10-T11;Discus intervertebralis T10-T11;tussenwervelschijf T10-T11;ia;tussenwervelschijf;disco intervertebral T10-T11;ia;;;;;
articulaciones;Intervertebral disc T11-T12;Disco intervertebral T11-T12;Discus intervertebralis T11-T12;tussenwervelschijf T11-T12;ia;tussenwervelschijf;disco intervertebral T11-T12;ia;;;;;
articulaciones;Intervertebral disc T12-L1;Disco intervertebral T12-L1;Discus intervertebralis T12-L1;tussenwervelschijf T12-L1;ia;tussenwervelschijf;disco intervertebral T12-L1;ia;;;;;
articulaciones;Intervertebral disc T2-T3;Disco intervertebral T2-T3;Discus intervertebralis T2-T3;tussenwervelschijf T2-T3;ia;tussenwervelschijf;disco intervertebral T2-T3;ia;;;;;
articulaciones;Intervertebral disc T3-T4;Disco intervertebral T3-T4;Discus intervertebralis T3-T4;tussenwervelschijf T3-T4;ia;tussenwervelschijf;disco intervertebral T3-T4;ia;;;;;
articulaciones;Intervertebral disc T4-T5;Disco intervertebral T4-T5;Discus intervertebralis T4-T5;tussenwervelschijf T4-T5;ia;tussenwervelschijf;disco intervertebral T4-T5;ia;;;;;
articulaciones;Intervertebral disc T5-T6;Disco intervertebral T5-T6;Discus intervertebralis T5-T6;tussenwervelschijf T5-T6;ia;tussenwervelschijf;disco intervertebral T5-T6;ia;;;;;
articulaciones;Intervertebral disc T6-T7;Disco intervertebral T6-T7;Discus intervertebralis T6-T7;tussenwervelschijf T6-T7;ia;tussenwervelschijf;disco intervertebral T6-T7;ia;;;;;
articulaciones;Intervertebral disc T7-T8;Disco intervertebral T7-T8;Discus intervertebralis T7-T8;tussenwervelschijf T7-T8;ia;tussenwervelschijf;disco intervertebral T7-T8;ia;;;;;
articulaciones;Intervertebral disc T8-T9;Disco intervertebral T8-T9;Discus intervertebralis T8-T9;tussenwervelschijf T8-T9;ia;tussenwervelschijf;disco intervertebral T8-T9;ia;;;;;
articulaciones;Intervertebral disc T9-T10;Disco intervertebral T9-T10;Discus intervertebralis T9-T10;tussenwervelschijf T9-T10;ia;tussenwervelschijf;disco intervertebral T9-T10;ia;;;;;
articulaciones;Intra-articular ligament of head of rib;Ligamento intra-articular de la cabeza de la costilla;Ligamentum intraarticulare capitis costae;ligamentum capitis costae intraarticulare;ia;;ligamento intraarticular di cabes di repchi;ia;;;;;
articulaciones;Ischiofemoral ligament;Ligamento isquiofemoral;Ligamentum ischiofemorale;ligamentum ischiofemorale;ia;;ligamento isquiofemoral;ia;;;;;
articulaciones;Lateral meniscus;Menisco lateral;Meniscus lateralis;laterale meniscus;ia;;menisco lateral;ia;;;;;
articulaciones;Lateral talocalcaneal ligament;Ligamento talocalcáneo lateral;Ligamentum talocalcaneum laterale;ligamentum talocalcaneum laterale;ia;;ligamento talocalcaneo lateral;ia;;;;;
articulaciones;Lateral temporomandibular ligament;Ligamento temporomandibular lateral;Ligamentum temporomandibulare laterale;ligamentum temporomandibulare laterale;ia;;ligamento temporomandibular lateral;ia;;;;;
articulaciones;Lateral thyrohyoid ligament;Ligamento tirohioideo lateral;Ligamentum thyreohyoideum laterale;ligamentum thyrohyoideum laterale;ia;;ligamento tirohioideo lateral;ia;;;;;
articulaciones;Ligament of head of femur;Ligamento de la cabeza del fémur;Ligamentum capitis femoris;ligamentum capitis femoris;ia;;ligamento di cabes di femur;ia;;;;;
articulaciones;Ligamenta flava;Ligamento amarillo;Ligamenta flava;ligamenta flava;ia;;ligamentonan amarillo;ia;;;;;
articulaciones;Long plantar ligament;Ligamento plantar largo;Ligamentum plantare longum;ligamentum plantare longum;ia;;ligamento plantar largo;ia;;;;;
articulaciones;Lunotriquetral interosseous ligament;Ligamento lunotriquetral interóseo;Ligamentum lunotriquetrum interosseum;ligamentum lunotriquetrum interosseum;ia;;ligamento interoseo lunotriquetral;ia;;;;;
articulaciones;Medial meniscus;Menisco medial;Meniscus medialis;mediale meniscus;ia;;menisco medial;ia;;;;;
articulaciones;Medial talocalcaneal ligament;Ligamento talocalcáneo medial;Ligamentum talocalcaneum mediale;ligamentum talocalcaneum mediale;ia;;ligamento talocalcaneo medial;ia;;;;;
articulaciones;Median cricothyroid ligament;Ligamento cricotiroideo mediano;Ligamentum cricothyreoideum medianum;ligamentum cricothyroideum medianum;ia;;ligamento cricotiroideo mediano;ia;;;;;
articulaciones;Median thyrohyoid ligament;Ligamento tirohioideo mediano;Ligamentum thyreohyoideum medianum;ligamentum thyrohyoideum medianum;ia;;ligamento tirohioideo mediano;ia;;;;;
articulaciones;Meniscopatellar ligament;Ligamento meniscopatelar;Ligamentum meniscopatellare;ligamentum meniscopatellare;ia;;ligamento meniscopatelar;ia;;;;;
articulaciones;Metatarsal interosseous ligaments;Ligamentos interóseos metatarsianos;Ligamenta metatarsea interossea;ligamenta metatarsalia interossea;ia;;ligamentonan interoseo metatarsiano;ia;;;;;
articulaciones;Middle glenohumeral ligament;Ligamento glenohumeral medio;Ligamentum glenohumerale medium;ligamentum glenohumerale medium;ia;;ligamento glenohumeral medio;ia;;;;;
articulaciones;Nuchal ligament;Ligamento nucal;Ligamentum nuchae;nekband;wikipedia-nl;ligamentum nuchae;ligamento nucal;ia;;;;;
articulaciones;Nucleus pulposus C2-C3;Núcleo pulposo C2-C3;Nucleus pulposus C2-C3;nucleus pulposus C2-C3;ia;;nucleo pulposo C2-C3;ia;;;;;
articulaciones;Nucleus pulposus C3-C4;Núcleo pulposo C3-C4;Nucleus pulposus C3-C4;nucleus pulposus C3-C4;ia;;nucleo pulposo C3-C4;ia;;;;;
articulaciones;Nucleus pulposus C4-C5;Núcleo pulposo C4-C5;Nucleus pulposus C4-C5;nucleus pulposus C4-C5;ia;;nucleo pulposo C4-C5;ia;;;;;
articulaciones;Nucleus pulposus C5-C6;Núcleo pulposo C5-C6;Nucleus pulposus C5-C6;nucleus pulposus C5-C6;ia;;nucleo pulposo C5-C6;ia;;;;;
articulaciones;Nucleus pulposus C6-C7;Núcleo pulposo C6-C7;Nucleus pulposus C6-C7;nucleus pulposus C6-C7;ia;;nucleo pulposo C6-C7;ia;;;;;
articulaciones;Nucleus pulposus C7-T1;Núcleo pulposo C7-T1;Nucleus pulposus C7-T1;nucleus pulposus C7-T1;ia;;nucleo pulposo C7-T1;ia;;;;;
articulaciones;Nucleus pulposus L1-L2;Núcleo pulposo L1-L2;Nucleus pulposus L1-L2;nucleus pulposus L1-L2;ia;;nucleo pulposo L1-L2;ia;;;;;
articulaciones;Nucleus pulposus L2-L3;Núcleo pulposo L2-L3;Nucleus pulposus L2-L3;nucleus pulposus L2-L3;ia;;nucleo pulposo L2-L3;ia;;;;;
articulaciones;Nucleus pulposus L3-L4;Núcleo pulposo L3-L4;Nucleus pulposus L3-L4;nucleus pulposus L3-L4;ia;;nucleo pulposo L3-L4;ia;;;;;
articulaciones;Nucleus pulposus L4-L5;Núcleo pulposo L4-L5;Nucleus pulposus L4-L5;nucleus pulposus L4-L5;ia;;nucleo pulposo L4-L5;ia;;;;;
articulaciones;Nucleus pulposus L5-S1;Núcleo pulposo L5-S1;Nucleus pulposus L5-S1;nucleus pulposus L5-S1;ia;;nucleo pulposo L5-S1;ia;;;;;
articulaciones;Nucleus pulposus T1-T2;Núcleo pulposo T1-T2;Nucleus pulposus T1-T2;nucleus pulposus T1-T2;ia;;nucleo pulposo T1-T2;ia;;;;;
articulaciones;Nucleus pulposus T10-T11;Núcleo pulposo T10-T11;Nucleus pulposus T10-T11;nucleus pulposus T10-T11;ia;;nucleo pulposo T10-T11;ia;;;;;
articulaciones;Nucleus pulposus T11-T12;Núcleo pulposo T11-T12;Nucleus pulposus T11-T12;nucleus pulposus T11-T12;ia;;nucleo pulposo T11-T12;ia;;;;;
articulaciones;Nucleus pulposus T12-L1;Núcleo pulposo T12-L1;Nucleus pulposus T12-L1;nucleus pulposus T12-L1;ia;;nucleo pulposo T12-L1;ia;;;;;
articulaciones;Nucleus pulposus T2-T3;Núcleo pulposo T2-T3;Nucleus pulposus T2-T3;nucleus pulposus T2-T3;ia;;nucleo pulposo T2-T3;ia;;;;;
articulaciones;Nucleus pulposus T3-T4;Núcleo pulposo T3-T4;Nucleus pulposus T3-T4;nucleus pulposus T3-T4;ia;;nucleo pulposo T3-T4;ia;;;;;
articulaciones;Nucleus pulposus T4-T5;Núcleo pulposo T4-T5;Nucleus pulposus T4-T5;nucleus pulposus T4-T5;ia;;nucleo pulposo T4-T5;ia;;;;;
articulaciones;Nucleus pulposus T5-T6;Núcleo pulposo T5-T6;Nucleus pulposus T5-T6;nucleus pulposus T5-T6;ia;;nucleo pulposo T5-T6;ia;;;;;
articulaciones;Nucleus pulposus T6-T7;Núcleo pulposo T6-T7;Nucleus pulposus T6-T7;nucleus pulposus T6-T7;ia;;nucleo pulposo T6-T7;ia;;;;;
articulaciones;Nucleus pulposus T7-T8;Núcleo pulposo T7-T8;Nucleus pulposus T7-T8;nucleus pulposus T7-T8;ia;;nucleo pulposo T7-T8;ia;;;;;
articulaciones;Nucleus pulposus T8-T9;Núcleo pulposo T8-T9;Nucleus pulposus T8-T9;nucleus pulposus T8-T9;ia;;nucleo pulposo T8-T9;ia;;;;;
articulaciones;Nucleus pulposus T9-T10;Núcleo pulposo T9-T10;Nucleus pulposus T9-T10;nucleus pulposus T9-T10;ia;;nucleo pulposo T9-T10;ia;;;;;
articulaciones;Oblique cord;Cordón oblicuo;Chorda obliqua;chorda obliqua;ia;;cordon oblicuo;ia;;;;;
articulaciones;Oblique popliteal ligament;Ligamento poplíteo oblicuo;Ligamentum popliteum obliquum;ligamentum popliteum obliquum;ia;;ligamento popliteo oblicuo;ia;;;;;
articulaciones;Obturator membrane;Membrana obturadora;Membrana obturatoria;membrana obturatoria;ia;;membrana obturadora;ia;;;;;
articulaciones;Palmar capitohamate ligament;Ligamento capitohamatal palmar;Ligamentum capitohamatum palmare;ligamentum capitohamatum palmare;ia;;ligamento capitohamatal palmar;ia;;;;;
articulaciones;Palmar carpometacarpal ligaments;Ligamentos carpometacarpianos palmares;Ligamenta carpometacarpea palmaria;ligamenta carpometacarpalia palmaria;ia;;ligamentonan carpometacarpiano palmar;ia;;;;;
articulaciones;Palmar interphalangeal ligaments;Ligamentos interfalángicos palmares;Ligamenta interphalangea palmaria;ligamenta interphalangea palmaria;ia;;ligamentonan interfalangico palmar;ia;;;;;
articulaciones;Palmar lunotriquetral ligament;Ligamento lunotriquetral palmar;Ligamentum lunotriquetrum palmare;ligamentum lunotriquetrum palmare;ia;;ligamento lunotriquetral palmar;ia;;;;;
articulaciones;Palmar metacarpal ligaments;Ligamentos metacarpianos palmares;Ligamenta metacarpea palmaria;ligamenta metacarpalia palmaria;ia;;ligamentonan metacarpiano palmar;ia;;;;;
articulaciones;Palmar radio-ulnar ligament;Ligamento radioulnar palmar;Ligamentum radioulnare palmare;ligamentum radioulnare palmare;ia;;ligamento radioulnar palmar;ia;;;;;
articulaciones;Palmar scaphotriquetral ligament;Ligamento escafotriquetral palmar;Ligamentum scaphotriquetrum palmare;ligamentum scaphotriquetrum palmare;ia;;ligamento escafotriquetral palmar;ia;;;;;
articulaciones;Palmar trapezoideocapitate ligament;Ligamento trapezoideocapitado palmar;Ligamentum trapezoideocapitatum palmare;ligamentum trapezoideocapitatum palmare;ia;;ligamento trapezoideocapitado palmar;ia;;;;;
articulaciones;Pisohamate ligament;Ligamento pisohamatal;Ligamentum pisohamatum;ligamentum pisohamatum;ia;;ligamento pisohamatal;ia;;;;;
articulaciones;Pisometacarpal ligament;Ligamento pisometacarpiano;Ligamentum pisometacarpeum;ligamentum pisometacarpale;ia;;ligamento pisometacarpiano;ia;;;;;
articulaciones;Pisotriquetral ligament;Ligamento pisotriquetral;Ligamentum pisotriquetrum;ligamentum pisotriquetrum;ia;;ligamento pisotriquetral;ia;;;;;
articulaciones;Plantar calcaneocuboid ligament;Ligamento calcáneocuboideo plantar;Ligamentum calcaneocuboideum plantare;ligamentum calcaneocuboideum plantare;ia;;ligamento calcaneocuboideo plantar;ia;;;;;
articulaciones;Plantar calcaneonavicular ligament;Ligamento calcaneonavicular plantar;Ligamentum calcaneonaviculare plantare;ligamentum calcaneonaviculare plantare;ia;;ligamento calcaneonavicular plantar;ia;;;;;
articulaciones;Plantar cuboideonavicular ligament;Ligamento cuboideonavicular plantar;Ligamentum cuboideonaviculare plantare;ligamentum cuboideonaviculare plantare;ia;;ligamento cuboideonavicular plantar;ia;;;;;
articulaciones;Plantar cuneocuboid ligament;Ligamento cuneocuboideo plantar;Ligamentum cuneocuboideum plantare;ligamentum cuneocuboideum plantare;ia;;ligamento cuneocuboideo plantar;ia;;;;;
articulaciones;Plantar cuneonavicular ligaments;Ligamentos cuneonaviculares plantares;Ligamenta cuneonavicularia plantaria;ligamenta cuneonavicularia plantaria;ia;;ligamentonan cuneonavicular plantar;ia;;;;;
articulaciones;Plantar intercuneiform ligaments;Ligamentos intercuneiformes plantares;Ligamenta intercuneiformia plantaria;ligamenta intercuneiformia plantaria;ia;;ligamentonan intercuneiforme plantar;ia;;;;;
articulaciones;Plantar interphalangeal ligaments;Ligamentos interfalángicos plantares;Ligamenta interphalangea plantaria;ligamenta interphalangea plantaria;ia;;ligamentonan interfalangico plantar;ia;;;;;
articulaciones;Plantar metatarsal ligaments;Ligamentos metatarsianos plantares;Ligamenta metatarsea plantaria;ligamenta metatarsalia plantaria;ia;;ligamentonan metatarsiano plantar;ia;;;;;
articulaciones;Plantar metatarsophalangeal ligaments;Ligamentos metatarsofalángicos plantares;Ligamenta metatarsophalangea plantaria;ligamenta metatarsophalangea plantaria;ia;;ligamentonan metatarsofalangico plantar;ia;;;;;
articulaciones;Plantar tarsometatarsal ligaments;Ligamentos tarsometatarsianos plantares;Ligamenta tarsometatarsea plantaria;ligamenta tarsometatarsalia plantaria;ia;;ligamentonan tarsometatarsiano plantar;ia;;;;;
articulaciones;Popliteofibular ligament;Ligamento poplíteofibular;Ligamentum popliteofibulare;ligamentum popliteofibulare;ia;;ligamento popliteofibular;ia;;;;;
articulaciones;Posterior cruciate ligament;Ligamento cruzado posterior;Ligamentum decussatum posterius;achterste kruisband;ia;;ligamento cruzado posterior;ia;;;;;
articulaciones;Posterior ligament of fibular head;Ligamento posterior de la cabeza de la fibula;Ligamentum posterius capitis fibulae;ligamentum capitis fibulae posterius;ia;;ligamento posterior di cabes di fibula;ia;;;;;
articulaciones;Posterior longitudinal ligament;Ligamento longitudinal posterior;Ligamentum longitudinale posterius;ligamentum longitudinale posterius;ia;;ligamento longitudinal posterior;ia;;;;;
articulaciones;Posterior meniscotibial ligament (Lateral meniscus);Ligamento meniscotibial posterior (Menisco lateral);Ligamentum meniscotibiale posterior (Meniscus lateral);ligamentum meniscotibiale posterius (laterale meniscus);ia;;ligamento meniscotibial posterior (menisco lateral);ia;;;;;
articulaciones;Posterior meniscotibial ligament (Medial meniscus);Ligamento meniscotibial posterior (Menisco medial);Ligamentum meniscotibiale posterior (Meniscus medial);ligamentum meniscotibiale posterius (mediale meniscus);ia;;ligamento meniscotibial posterior (menisco medial);ia;;;;;
articulaciones;Posterior sacro-iliac ligament;Ligamento sacroilíaco posterior;Ligamentum sacroiliacum posterius;ligamentum sacroiliacum posterius;ia;;ligamento sacroiliaco posterior;ia;;;;;
articulaciones;Posterior sternoclavicular ligament;Ligamento esternoclavicular posterior;Ligamentum sternoclaviculare posterius;ligamentum sternoclaviculare posterius;ia;;ligamento esternoclavicular posterior;ia;;;;;
articulaciones;Posterior talocalcaneal ligament;Ligamento talocalcáneo posterior;Ligamentum talocalcaneum posterius;ligamentum talocalcaneum posterius;ia;;ligamento talocalcaneo posterior;ia;;;;;
articulaciones;Posterior talofibular ligament;Ligamento talofibular posterior;Ligamentum talofibulare posterius;ligamentum talofibulare posterius;ia;;ligamento talofibular posterior;ia;;;;;
articulaciones;Posterior tibiofibular ligament;Ligamento tibiofibular posterior;Ligamentum tibiofibulare posterius;ligamentum tibiofibulare posterius;ia;;ligamento tibiofibular posterior;ia;;;;;
articulaciones;Posterior tibiotalar ligament;Ligamento tibiotalar posterior;Ligamentum talotibiale posterius;ligamentum tibiotalare posterius;ia;;ligamento tibiotalar posterior;ia;;;;;
articulaciones;Pterygospinous ligament;Ligamento pterigo-espinoso;Ligamentum pterygospinale;ligamentum pterygospinale;ia;;ligamento pterigoespinoso;ia;;;;;
articulaciones;Pubic symphysis;Sínfisis púbica;Symphysis pubica;schaambeenvoeg;wikipedia-nl;;sinfisis pubica;ia;;;;;
articulaciones;Pubofemoral ligament;Ligamento pubofemoral;Ligamentum pubofemorale;ligamentum pubofemorale;ia;;ligamento pubofemoral;ia;;;;;
articulaciones;Quadrangular membrane;Membrana cuadrangular;Membrana quadrangularis;membrana quadrangularis;ia;;membrana cuadrangular;ia;;;;;
articulaciones;Quadrate ligament;Ligamento cuadrado;Ligamentum quadratum;ligamentum quadratum;ia;;ligamento cuadrado;ia;;;;;
articulaciones;Radial collateral ligament;Ligamento colateral radial cubital;Ligamentum collaterale radiale cubiti;ligamentum collaterale radiale;ia;;ligamento colateral radial;ia;;;;;
articulaciones;Radial collateral ligament of wrist joint;Ligamento colateral radial del carpo;Ligamentum collaterale radiale carpi;ligamentum collaterale carpi radiale;ia;;ligamento colateral radial di pols;ia;;;;;
articulaciones;Radiate carpal ligament;Ligamento radiado del carpo;Ligamentum radiatum carpi;ligamentum carpi radiatum;ia;;ligamento radiado di carpo;ia;;;;;
articulaciones;Radiate ligament of head of rib;Ligamento radiado de la cabeza de la costilla;Ligamentum radiatum capitis costae;ligamentum capitis costae radiatum;ia;;ligamento radiado di cabes di repchi;ia;;;;;
articulaciones;Radiocapitate ligament;Ligamento radiocapitado;Ligamentum radiocapitatum;ligamentum radiocapitatum;ia;;ligamento radiocapitado;ia;;;;;
articulaciones;Radioscaphocapitate ligament;Ligamento radioescafocapitado;Ligamentum radioscaphocapitatum;ligamentum radioscaphocapitatum;ia;;ligamento radioescafocapitado;ia;;;;;
articulaciones;Sacrococcygeal symphysis;Sínfisis sacrococcígea;Symphysis Sacrococcygea;symphysis sacrococcygea;ia;;sinfisis sacrococcigea;ia;;;;;
articulaciones;Sacrospinous ligament;Ligamento sacroespinoso;Ligamentum sacrospinale;ligamentum sacrospinale;ia;;ligamento sacroespinoso;ia;;;;;
articulaciones;Sacrotuberous ligament;Ligamento sacrotuberoso;Ligamentum sacrotuberale;ligamentum sacrotuberale;ia;;ligamento sacrotuberoso;ia;;;;;
articulaciones;Scaphocapitate ligament;Ligamento escafocapitado;Ligamentum scaphocapitatum;ligamentum scaphocapitatum;ia;;ligamento escafocapitado;ia;;;;;
articulaciones;Scapholunate interosseous ligament;Ligamento escafolunado interóseo;Ligamentum scapholunatum interosseum;ligamentum scapholunatum interosseum;ia;;ligamento interoseo escafolunado;ia;;;;;
articulaciones;Scaphotrapeziotrapezoidal ligament;Ligamento escafotrapeciotrapezoidal;Ligamentum scaphotrapeziotrapezoideum;ligamentum scaphotrapeziotrapezoideum;ia;;ligamento escafotrapeciotrapezoidal;ia;;;;;
articulaciones;Sphenomandibular ligament;Ligamento esfenomandibular;Ligamentum sphenomandibulare;ligamentum sphenomandibulare;ia;;ligamento esfenomandibular;ia;;;;;
articulaciones;Stylohyoid ligament;Ligamento estilohioideo;Ligamentum stylohyoideum;ligamentum stylohyoideum;ia;;ligamento estilohioideo;ia;;;;;
articulaciones;Stylomandibular ligament;Ligamento estilomandibular;Ligamentum stylomandibulare;ligamentum stylomandibulare;ia;;ligamento estilomandibular;ia;;;;;
articulaciones;Superficial part of tibial collateral ligament;Parte superficial del ligamento colateral tibial;Pars superficialis ligamenti collateralis tibialis;oppervlakkige deel van het ligamentum collaterale tibiale;ia;ligamentum collaterale tibiale;parti superficial di ligamento colateral tibial;ia;;;;;
articulaciones;Superior glenohumeral ligament;Ligamento glenohumeral superior;Ligamentum glenohumerale superius;ligamentum glenohumerale superius;ia;;ligamento glenohumeral superior;ia;;;;;
articulaciones;Superior pubic ligament;Ligamento púbico superior;Ligamentum pubicum superius;ligamentum pubicum superius;ia;schaambeenvoeg;ligamento pubico superior;ia;;;;;
articulaciones;Superior transverse scapular ligament;Ligamento transverso superior de la escápula;Ligamentum transversum superius scapulae;ligamentum transversum scapulae superius;ia;;ligamento transverso superior di escapula;ia;;;;;
articulaciones;Supraspinous ligament;Ligamento supra-espinoso;Ligamentum supraspinale;ligamentum supraspinale;ia;;ligamento supraespinoso;ia;;;;;
articulaciones;Talocalcaneal interosseous ligament;Ligamento talocalcáneo interóseo;Ligamentum talocalcaneum interosseum;ligamentum talocalcaneum interosseum;ia;;ligamento talocalcaneo interoseo;ia;;;;;
articulaciones;Talonavicular ligament;Ligamento talonavicular;Ligamentum talonaviculare;ligamentum talonaviculare;ia;;ligamento talonavicular;ia;;;;;
articulaciones;Tibiocalcaneal ligament;Ligamento calcáneotibial;Ligamentum calcaneotibiale;ligamentum tibiocalcaneum;ia;;ligamento tibiocalcaneo;ia;;;;;
articulaciones;Tibionavicular ligament;Ligamento tibionavicular;Ligamentum tibionaviculare;ligamentum tibionaviculare;ia;;ligamento tibionavicular;ia;;;;;
articulaciones;Transverse acetabular ligament;Ligamento acetabular transverso;Ligamentum transversum acetabuli;ligamentum transversum acetabuli;ia;;ligamento transverso di acetabulo;ia;;;;;
articulaciones;Transverse humeral ligament;Ligamento transverso del humero;Ligamentum transversum humeri;ligamentum transversum humeri;wikipedia-nl;;ligamento transverso di humero;ia;;;;;
articulaciones;Transverse ligament of knee;Ligamento transverso de la rodilla;Ligamentum transversum genus;ligamentum transversum genus;ia;;ligamento transverso di rudia;ia;;;;;
articulaciones;Transverse part of iliofemoral ligament;Parte transversal del ligamento iliofemoral;Pars transversa ligamenti iliofemoralis;pars transversa van het ligamentum iliofemorale;ia;;parti transversal di ligamento iliofemoral;ia;;;;;
articulaciones;Transverse tibiofibular ligament;Ligamento tibiofibular transverso;Ligamentum tibiofibulare transversum;ligamentum tibiofibulare transversum;ia;;ligamento tibiofibular transverso;ia;;;;;
articulaciones;Trapeziotrapezoidal interosseous ligament;Ligamento trapeciotrapezoidal interóseo;Ligamentum trapeziotrapezoideum interosseum;ligamentum trapeziotrapezoideum interosseum;ia;;ligamento interoseo trapeciotrapezoidal;ia;;;;;
articulaciones;Trapezoid ligament;Ligamento trapezoide;Ligamentum trapezoideum;ligamentum trapezoides;wikipedia-nl;ligamentum trapezoideum;ligamento trapezoide;ia;;;;;
articulaciones;Trapezoideocapitate interosseous ligament;Ligamento trapezoideocapitado interóseo;Ligamentum trapezoideocapitatum interosseum;ligamentum trapezoideocapitatum interosseum;ia;;ligamento interoseo trapezoideocapitado;ia;;;;;
articulaciones;Triquetrocapitate ligament;Ligamento triquetrocapitado;Ligamentum triquetrocapitatum;ligamentum triquetrocapitatum;ia;;ligamento triquetrocapitado;ia;;;;;
articulaciones;Triquetrohamate ligament;Ligamento triquetrohamatal;Ligamentum triquetrohamatum;ligamentum triquetrohamatum;ia;;ligamento triquetrohamatal;ia;;;;;
articulaciones;Triradiate cartilage;Cartílago trirradiado;Cartilago triradiata;cartilago triradiata;ia;;cartilago trirradiado;ia;;;;;
articulaciones;Ulnar collateral ligament;Ligamento colateral ulnar cubital;Ligamentum collaterale ulnare cubiti;ligamentum collaterale ulnare;ia;;ligamento colateral ulnar;ia;;;;;
articulaciones;Ulnar collateral ligament of wrist joint;Ligamento colateral ulnar del carpo;Ligamentum collaterale ulnare carpi;ligamentum collaterale carpi ulnare;ia;;ligamento colateral ulnar di pols;ia;;;;;
articulaciones;Ulnocapitate ligament;Ligamento ulnocapitado;Ligamentum ulnocapitatum;ligamentum ulnocapitatum;ia;;ligamento ulnocapitado;ia;;;;;
articulaciones;Ulnolunate ligament;Ligamento ulnolunado;Ligamentum ulnolunatum;ligamentum ulnolunatum;ia;;ligamento ulnolunado;ia;;;;;
articulaciones;Ulnopisiform ligament;Ligamento ulnopisiforme;Ligamentum ulnopisiforme;ligamentum ulnopisiforme;ia;;ligamento ulnopisiforme;ia;;;;;
articulaciones;Ulnotriquetral ligament;Ligamento ulnotriquetral;Ligamentum ulnotriquetrum;ligamentum ulnotriquetrum;ia;;ligamento ulnotriquetral;ia;;;;;
articulaciones;Zona orbicularis;Zona orbicular;Zona orbicularis;zona orbicularis;ia;;zona orbicular;ia;;;;;
cardiovascular;(Deep branch of transverse cervical artery);(Rama profunda de la arteria cervical transversa);(Ramus profundus arteriae transversae colli);(diepe tak van de arteria transversa colli);ia;;(rama profunda di arteria cervical transversa);ia;;;;;
cardiovascular;(Superficial branch of transverse cervical artery);(Rama superficial de la arteria cervical transversa);(Ramus superficial arteriae transversae colli);(oppervlakkige tak van de arteria transversa colli);ia;;(rama superficial di arteria cervical transversa);ia;;;;;
cardiovascular;(Ulnar recurrent artery);(Arteria recurrente ulnar);(Arteria recurrens ulnaris);(arteria recurrens ulnaris);ia;;(arteria recurrente ulnar);ia;;;;;
cardiovascular;Abdominal aorta;Aorta abdominal;Aorta abdominalis;aorta abdominalis;wikipedia-nl;buikaorta;aorta abdominal;ia;;;;;
cardiovascular;Accessory branch of middle meningeal artery;Rama accesoria de la arteria meníngea media;Ramus accessorius arteriae meningeae mediae;ramus accessorius van de arteria meningea media;ia;;rama accesoria di arteria meningea media;ia;;;;;
cardiovascular;Accessory hemi-azygos vein;Vena hemiácigos accessoria;Vena hemiazyga accessoria;vena hemiazygos accessoria;ia;;vena hemiacigos accesoria;ia;;;;;
cardiovascular;Angular artery;Arteria angular;Arteria angularis;arteria angularis;wikipedia-nl;;arteria angular;ia;;;;;
cardiovascular;Angular vein;Vena angular;Vena angularis;vena angularis;ia;;vena angular;ia;;;;;
cardiovascular;Anterior basal segmental artery of left lung;Arteria segmentaria basal anterior del pulmón izquierdo;Arteria segmentalis basalis anterior pulmonis sinistri;arteria segmentalis basalis anterior van de linkerlong;ia;;arteria segmentaria basal anterior di pulmon robez;ia;;;;;
cardiovascular;Anterior basal segmental artery of right lung;Arteria segmentaria basal anterior del pulmón derecho;Arteria segmentalis basalis anterior pulmonis dextri;arteria segmentalis basalis anterior van de rechterlong;ia;;arteria segmentaria basal anterior di pulmon drechi;ia;;;;;
cardiovascular;Anterior branch of renal artery;Rama anterior de la arteria renal;Ramus anterior arteriae renalis;voorste tak van de nierslagader;ia;nierslagader;rama anterior di arteria renal;ia;;;;;
cardiovascular;Anterior cerebral artery;Arteria cerebral anterior;Arteria cerebri anterior;arteria cerebri anterior;wikipedia-nl;;arteria cerebral anterior;ia;;;;;
cardiovascular;Anterior circumflex humeral artery;Arteria circunfleja anterior del húmero;Arteria circumflexa anterior humeri;arteria circumflexa humeri anterior;ia;;arteria circunfleja humeral anterior;ia;;;;;
cardiovascular;Anterior circumflex humeral vein;Vena circunfleja humeral anterior;Vena circumflexa anterior humeri;vena circumflexa humeri anterior;ia;;vena circunfleja humeral anterior;ia;;;;;
cardiovascular;Anterior communicating artery;Arteria comunicante anterior;Arteria communicans anterior;arteria communicans anterior;wikipedia-nl;;arteria comunicante anterior;ia;;;;;
cardiovascular;Anterior deep temporal artery;Arteria temporal profunda anterior;Arteria temporalis profunda anterior;arteria temporalis profunda anterior;ia;;arteria temporal profunda anterior;ia;;;;;
cardiovascular;Anterior division of internal iliac artery;División anterior de la arteria ilíaca interna;Divisio anterior arteriae iliacae internae;voorste stam van de arteria iliaca interna;ia;;division anterior di arteria iliaca interna;ia;;;;;
cardiovascular;Anterior division of retromandibular vein;División anterior de la vena retromandibular;Divisio anterior venae mandibularis;voorste tak van de vena retromandibularis;ia;;division anterior di vena retromandibular;ia;;;;;
cardiovascular;Anterior ethmoidal artery;Arteria etmoidal anterior;Arteria ethmoidea anterior;arteria ethmoidalis anterior;ia;;arteria etmoidal anterior;ia;;;;;
cardiovascular;Anterior inferior cerebellar artery;Arteria cerebelosa inferior anterior;Arteria cerebelli inferior anterior;arteria cerebelli inferior anterior;ia;;arteria cerebelosa inferior anterior;ia;;;;;
cardiovascular;Anterior inferior pancreaticoduodenal artery;Arteria pancreáticoduodenal inferior anterior;Arteria pancreaticoduodenalis inferior anterior;arteria pancreaticoduodenalis inferior anterior;ia;;arteria pancreaticoduodenal inferior anterior;ia;;;;;
cardiovascular;Anterior intercavernous sinus;Seno intercavernoso anterior;Sinus intercavernosus anterior;sinus intercavernosus anterior;ia;;seno intercavernoso anterior;ia;;;;;
cardiovascular;Anterior interventricular artery;Arteria interventricular anterior;Arteria interventricularis ant. arteriae coronariae sinistrae;arteria interventricularis anterior;ia;;arteria interventricular anterior;ia;;;;;
cardiovascular;Anterior jugular vein;Vena yugular anterior;Vena iugularis anterior;vena jugularis anterior;ia;;vena yugular anterior;ia;;;;;
cardiovascular;Anterior papillary muscle of right ventricle;Músculo papilar anterior del ventrículo derecho;Musculus papillaris anterior ventriculi dextri;voorste papillairspier van de rechterkamer;ia;;musculo papilar anterior di ventriculo drechi;ia;;;;;
cardiovascular;Anterior segmental artery of left lung;Arteria segmentaria anterior del pulmón izquierdo;Arteria segmentalis anterior pulmonis sinistri;arteria segmentalis anterior van de linkerlong;ia;;arteria segmentaria anterior di pulmon robez;ia;;;;;
cardiovascular;Anterior segmental artery of right lung;Arteria segmentaria anterior del pulmón derecho;Arteria segmentalis anterior pulmonis dextri;arteria segmentalis anterior van de rechterlong;ia;;arteria segmentaria anterior di pulmon drechi;ia;;;;;
cardiovascular;Anterior semilunar leaflet of pulmonary valve;Válvula semilunar anterior de la valva pulmonar;Valvula semilunaris anterior valvae trunci pulmonalis;voorste semilunaire klepslip van de pulmonalisklep;ia;;valvula semilunar anterior di valva pulmonar;ia;;;;;
cardiovascular;Anterior septal branches of anterior ethmoidal artery;Ramas del septales anteriores de la arteria etmoidal anterior;Rami septales anteriores arteriae ethmoideae anterioris;voorste septumtakken van de arteria ethmoidalis anterior;ia;;ramanan septal anterior di arteria etmoidal anterior;ia;;;;;
cardiovascular;Anterior spinal artery;Arteria espinal anterior;Arteria spinalis anterior;arteria spinalis anterior;ia;;arteria espinal anterior;ia;;;;;
cardiovascular;Anterior temporal branch;;;voorste temporale tak;ia;;rama temporal anterior;ia;;;;;
cardiovascular;Anterior tibial artery;Arteria tibial anterior;Arteria tibialis anterior;arteria tibialis anterior;ia;;arteria tibial anterior;ia;;;;;
cardiovascular;Anterior tibial veins;Venas tibiales anteriores;Venae tibiales anteriores;venae tibiales anteriores;ia;;venanan tibial anterior;ia;;;;;
cardiovascular;Anterior vein of left lung;Vena anterior del pulmón izquierdo;Vena anterior pulmonis sinistri;vena anterior van de linkerlong;ia;;vena anterior di pulmon robez;ia;;;;;
cardiovascular;Anterior vein of right lung;Vena anterior del pulmón derecho;Vena anterior pulmonis dextri;vena anterior van de rechterlong;ia;;vena anterior di pulmon drechi;ia;;;;;
cardiovascular;Aortic arch;Arco aórtico;Arcus aortae;aortaboog;wikipedia-nl;;arco aortico;ia;;;;;
cardiovascular;Apical segmental artery of left lung;Arteria segmentaria apical del pulmón izquierdo;Arteria segmentalis apicalis pulmonis sinistri;arteria segmentalis apicalis van de linkerlong;ia;;arteria segmentaria apical di pulmon robez;ia;;;;;
cardiovascular;Apical segmental artery of right lung;Arteria segmentaria apical del pulmón derecho;Arteria segmentalis apicalis pulmonis dextri;arteria segmentalis apicalis van de rechterlong;ia;;arteria segmentaria apical di pulmon drechi;ia;;;;;
cardiovascular;Apical vein of right lung;Vena apical del pulmón derecho;Vena apicalis pulmonis dextri;vena apicalis van de rechterlong;ia;;vena apical di pulmon drechi;ia;;;;;
cardiovascular;Apicoposterior vein of left lung;Vena apicoposterior del pulmón izquierdo;Vena apicoposterior pulmonis sinistri;vena apicoposterior van de linkerlong;ia;;vena apicoposterior di pulmon robez;ia;;;;;
cardiovascular;Appendicular artery;Arteria apendicular;Arteria appendicularis;arteria appendicularis;ia;;arteria apendicular;ia;;;;;
cardiovascular;Arcuate artery;Arteria arqueada;Arteria arcuata;arteria arcuata;ia;;arteria arqueada;ia;;;;;
cardiovascular;Artery of central sulcus;;;arteria sulci centralis;ia;;arteria di surco central;ia;;;;;
cardiovascular;Artery of precentral sulcus;;;arteria sulci precentralis;ia;;arteria di surco precentral;ia;;;;;
cardiovascular;Artery of pterygoid canal;Arteria del canal pterigoideo;Arteria canalis pterygoidei;arteria canalis pterygoidei;ia;;arteria di canal pterigoideo;ia;;;;;
cardiovascular;Ascending aorta;Aorta ascendente;Aorta ascendens;aorta ascendens;wikipedia-nl;opstijgende aorta;aorta ascendente;ia;;;;;
cardiovascular;Ascending branch of left colic artery;Rama ascendente de la arteria cólica izquierda;Ramus ascendens arteriae;opstijgende tak van de arteria colica sinistra;ia;;rama ascendente di arteria colica robez;ia;;;;;
cardiovascular;Ascending pharyngeal artery;Arteria faríngea ascendente;Arteria pharyngea ascendens;arteria pharyngea ascendens;ia;;arteria faringea ascendente;ia;;;;;
cardiovascular;Axillary artery;Arteria axilar;Arteria axillaris;arteria axillaris;wikipedia-nl;okselslagader;arteria axilar;ia;;;;;
cardiovascular;Axillary vein;Vena axilar;Vena axillaris;okselader;ia;;vena axilar;ia;;;;;
cardiovascular;Azygos vein;Vena ácigos;Vena azyga;vena azygos;wikipedia-nl;;vena acigos;ia;;;;;
cardiovascular;Basilar artery;Arteria basilar;Arteria basilaris;arteria basilaris;wikipedia-nl;;arteria basilar;ia;;;;;
cardiovascular;Basilar venous plexus;Plexo venoso basilar;Plexus venosus basilaris;plexus venosus basilaris;ia;;plexo venoso basilar;ia;;;;;
cardiovascular;Basilic vein;Vena basílica;Vena basilica;vena basilica;ia;;vena basilica;ia;;;;;
cardiovascular;Bifurcation of pulmonary trunk;Bifurcación del tronco pulmonar;Bifurcatio trunci pulmonalis;bifurcatie van de truncus pulmonalis;ia;;bifurcacion di tronco pulmonar;ia;;;;;
cardiovascular;Brachial artery;Arteria braquial;Arteria brachialis;bovenarmslagader;wikipedia-nl;armslagader;arteria braquial;ia;;;;;
cardiovascular;Brachial veins;Venas braquiales;Venae brachiales;venae brachiales;ia;;venanan braquial;ia;;;;;
cardiovascular;Brachiocephalic trunk;Tronco braquiocefálico;Truncus brachiocephalicus;truncus brachiocephalicus;ia;truncus brachiocephalicus;tronco braquiocefalico;ia;;;;;
cardiovascular;Branch to angular gyrus;;;tak naar de gyrus angularis;ia;;rama pa giro angular;ia;;;;;
cardiovascular;Buccal artery;Arteria bucal;Arteria buccalis;arteria buccalis;ia;;arteria bucal;ia;;;;;
cardiovascular;Calcaneal branches of fibular artery;Ramas calcáneas de la arteria fibular;Rami calcanei arteriae fibularis;rami calcanei van de arteria fibularis;ia;;ramanan calcanea di arteria fibular;ia;;;;;
cardiovascular;Calcaneal branches of posterior tibial artery;Ramas calcáneas de la arteria tibial posterior;Rami calcanei arteriae tibialis posterioris;rami calcanei van de arteria tibialis posterior;ia;;ramanan calcanea di arteria tibial posterior;ia;;;;;
cardiovascular;Callosomarginal artery;Arteria callosomarginal;Arteria callosomarginalis;arteria callosomarginalis;ia;arteria cerebri anterior;arteria callosomarginal;ia;;;;;
cardiovascular;Cavernous sinus;Seno cavernoso;Sinus cavernosus;sinus cavernosus;ia;;seno cavernoso;ia;;;;;
cardiovascular;Central retinal artery;Arteria central de la retina;Arteria centralis retinae;arteria centralis retinae;ia;;arteria central di retina;ia;;;;;
cardiovascular;Cephalic vein;Vena cefálica;Vena cephalica;vena cephalica;ia;;vena cefalica;ia;;;;;
cardiovascular;Circumflex artery of heart;Arteria circunfleja del corazón;Arteria circumflexa cordis;arteria circumflexa van het hart;ia;;arteria circunfleja di curazon;ia;;;;;
cardiovascular;Circumflex scapular artery;Arteria circunfleja de la escápula;Arteria circumflexa scapulae;arteria circumflexa scapulae;ia;;arteria circunfleja escapular;ia;;;;;
cardiovascular;Circumflex scapular vein;Vena circunfleja escapular;Vena circumflexa scapulae;vena circumflexa scapulae;ia;;vena circunfleja escapular;ia;;;;;
cardiovascular;Coeliac trunk;Tronco celiaco;Truncus coeiiacus;truncus coeliacus;ia;truncus coeliacus;tronco celiaco;ia;;;;;
cardiovascular;Colic branch of ileocolic artery;Rama cólica de la arteria ileocólica;Ramus colicus arteriae ileocolicae;ramus colicus arteriae ileocolicae;ia;;rama colica di arteria ileocolica;ia;;;;;
cardiovascular;Common facial vein;Vena facial común;Vena facialis communis;vena facialis communis;ia;;vena facial comun;ia;;;;;
cardiovascular;Common hepatic artery;Arteria hepática común;Arteria hepatica communis;leverslagader;wikipedia-nl;arteria hepatica communis;arteria hepatica comun;ia;;;;;
cardiovascular;Common iliac artery;Arteria ilíaca común;Arteria iliaca communis;arteria iliaca communis;wikipedia-nl;;arteria iliaca comun;ia;;;;;
cardiovascular;Common iliac vein;Vena iliaca común;Vena iliaca communis;vena iliaca communis;ia;;vena iliaca comun;ia;;;;;
cardiovascular;Common interosseous artery;Arteria interósea común;Arteria interossea communis;arteria interossea communis;ia;;arteria interosea comun;ia;;;;;
cardiovascular;Common palmar digital arteries;Arterias digitales palmares comunes;Arteriae digitales palmares communes;arteriae digitales palmares communes;ia;;arterianan digital palmar comun;ia;;;;;
cardiovascular;Common plantar digital arteries;Arterias digitales plantares comunes;Arteriae digitales plantares communes;arteriae digitales plantares communes;ia;;arterianan digital plantar comun;ia;;;;;
cardiovascular;Coronary sinus;Seno coronario;Sinus coronarius;sinus coronarius;wikipedia-nl;;seno coronario;ia;;;;;
cardiovascular;Costocervical trunk;Tronco costocervical;Truncus costocervicalis;truncus costocervicalis;ia;;tronco costocervical;ia;;;;;
cardiovascular;Deep artery of penis;Arteria profunda del pene;Arteria profunda penis;arteria profunda penis;ia;;arteria profunda di penis;ia;;;;;
cardiovascular;Deep brachial artery;Arteria braquial profunda;Arteria profunda brachii;arteria profunda brachii;ia;arteria profunda brachii;arteria braquial profunda;ia;;;;;
cardiovascular;Deep cervical artery;Arteria cervical profunda;Arteria cervicalis profunda;arteria cervicalis profunda;ia;;arteria cervical profunda;ia;;;;;
cardiovascular;Deep dorsal vein of penis;Vena dorsal profunda del pene;Vena dorsalis profunda penis;vena dorsalis profunda penis;ia;;vena dorsal profunda di penis;ia;;;;;
cardiovascular;Deep external pudendal artery;Arteria pudenda externa profunda;Arteria pudendalis externa profunda;arteria pudenda externa profunda;ia;;arteria pudenda externa profunda;ia;;;;;
cardiovascular;Deep femoral artery;Arteria femoral profunda;Arteria profunda femoris;arteria profunda femoris;ia;;arteria femoral profunda;ia;;;;;
cardiovascular;Deep femoral vein;Vena femoral profunda;Vena profunda femoris;vena profunda femoris;ia;;vena femoral profunda;ia;;;;;
cardiovascular;Deep palmar arch;Arco palmar profundo;Arcus palmaris profundus;arcus palmaris profundus;ia;;arco palmar profundo;ia;;;;;
cardiovascular;Deep plantar artery;Arteria plantar profunda;Arteria plantaris profunda;arteria plantaris profunda;ia;;arteria plantar profunda;ia;;;;;
cardiovascular;Deep venous palmar arch;Arco venoso palmar profundo;Arcus venosus palmaris profundus;arcus venosus palmaris profundus;ia;;arco venoso palmar profundo;ia;;;;;
cardiovascular;Descending branch of lateral circumflex femoral artery;Rama descendente de la arteria femoral circunfleja lateral;Ramus descendens arteriae circumflexae lateralis femoris;ramus descendens arteriae circumflexae femoris lateralis;ia;;rama descendente di arteria circunfleja femoral lateral;ia;;;;;
cardiovascular;Descending branch of left colic artery;Rama descendente de la arteria cólica izquierda;Ramus descendens arteriae colicae sinistrae;ramus descendens arteriae colicae sinistrae;ia;;rama descendente di arteria colica robez;ia;;;;;
cardiovascular;Descending palatine artery;Arteria palatina descendente;Arteria palatina descendens;arteria palatina descendens;ia;;arteria palatina descendente;ia;;;;;
cardiovascular;Distal lateral striate branches;;;distale laterale striatale takken;ia;;ramanan estriado lateral distal;ia;;;;;
cardiovascular;Dorsal artery of penis;Arteria dorsal del pene;Arteria dorsalis penis;arteria dorsalis penis;ia;;arteria dorsal di penis;ia;;;;;
cardiovascular;Dorsal carpal anastomosis;Red carpiana dorsal;Rete dorsale carpi;rete carpale dorsale;ia;;red carpal dorsal;ia;;;;;
cardiovascular;Dorsal carpal branch of ulnar artery;Rama carpiana dorsal de la arteria ulnar;Ramus carpeus dorsalis arteriae ulnaris;ramus carpalis dorsalis arteriae ulnaris;ia;;rama carpal dorsal di arteria ulnar;ia;;;;;
cardiovascular;Dorsal digital arteries of foot;Arterias digitales dorsales del pie;Arteriae digitales dorsales pedis;arteriae digitales dorsales pedis;ia;;arterianan digital dorsal di pia;ia;;;;;
cardiovascular;Dorsal digital arteries of hand;Arterias digitales dorsales de la mano;Arteriae digitales dorsales manus;arteriae digitales dorsales manus;ia;;arterianan digital dorsal di man;ia;;;;;
cardiovascular;Dorsal digital veins of foot;Venas digitales dorsales del pie;Venae digitales dorsales pedis;venae digitales dorsales pedis;ia;;venanan digital dorsal di pia;ia;;;;;
cardiovascular;Dorsal digital veins of hand;Venas digitales dorsales de la mano;Venae digitales dorsales manus;venae digitales dorsales manus;ia;;venanan digital dorsal di man;ia;;;;;
cardiovascular;Dorsal metacarpal arteries;Arterias metacarpianas dorsales;Arteriae metacarpeae dorsales;arteriae metacarpales dorsales;ia;;arterianan metacarpiano dorsal;ia;;;;;
cardiovascular;Dorsal metatarsal arteries;Arterias metatarsianas dorsales;Arteriae metatarseae dorsales;arteriae metatarsales dorsales;ia;;arterianan metatarsiano dorsal;ia;;;;;
cardiovascular;Dorsal metatarsal veins;Venas metatarsianas dorsales;Venae metatarseae dorsales;venae metatarsales dorsales;ia;;venanan metatarsiano dorsal;ia;;;;;
cardiovascular;Dorsal venous arch of foot;Arco venoso dorsal del pie;Arcus venosus dorsalis pedis;arcus venosus dorsalis pedis;ia;;arco venoso dorsal di pia;ia;;;;;
cardiovascular;Dorsal venous network of hand;Red venosa dorsal de la mano;Rete venosum dorsale manus;rete venosum dorsale manus;ia;;red venoso dorsal di man;ia;;;;;
cardiovascular;Dorsalis pedis artery;Arteria dorsal del pie;Arteria dorsalis pedis;arteria dorsalis pedis;wikipedia-nl;;arteria dorsal di pia;ia;;;;;
cardiovascular;External carotid artery;Arteria carótida externa;Carotis externa;arteria carotis externa;wikipedia-nl;uitwendige halsslagader;arteria carotida externa;ia;;;;;
cardiovascular;External iliac artery;Arteria iliaca externa;Arteria iliaca externa;arteria iliaca externa;ia;;arteria iliaca externa;ia;;;;;
cardiovascular;External iliac vein;Vena iliaca externa;Vena iliaca externa;vena iliaca externa;ia;;vena iliaca externa;ia;;;;;
cardiovascular;External jugular vein;Vena yugular externa;Vena iugularis externa;uitwendige halsader;ia;;vena yugular externa;ia;;;;;
cardiovascular;External pudendal veins;Venas pudendas externas;Venae pudendales extemae;venae pudendae externae;ia;;venanan pudenda externa;ia;;;;;
cardiovascular;Facial artery;Arteria facial;Arteria facialis;arteria facialis;ia;;arteria facial;ia;;;;;
cardiovascular;Facial vein;Vena facial;Vena facialis;vena facialis;ia;;vena facial;ia;;;;;
cardiovascular;Femoral artery;Arteria femoral;Arteria femoralis;dijslagader;wikipedia-nl;dijbeenslagader;arteria femoral;ia;;;;;
cardiovascular;Femoral vein;Vena femoral;Vena femoralis;dijbeenader;ia;;vena femoral;ia;;;;;
cardiovascular;Fibular artery;Arteria fibular;Arteria fibularis;arteria fibularis;ia;;arteria fibular;ia;;;;;
cardiovascular;Fibular veins;Venas fibulares;Venae fibulares;venae fibulares;ia;;venanan fibular;ia;;;;;
cardiovascular;First posterior intercostal artery;Primera arteria intercostal posterior;Arteria intercostalis posterior prima;eerste arteria intercostalis posterior;ia;;promer arteria intercostal posterior;ia;;;;;
cardiovascular;Frontal branch of superficial temporal artery;Rama frontal de la arteria temporal superficial;Ramus fontale arteriae temporalis superficialis;ramus frontalis arteriae temporalis superficialis;ia;;rama frontal di arteria temporal superficial;ia;;;;;
cardiovascular;Frontal branches of callosomarginal artery;Ramas frontales de la arteria callosomarginal;Rami frontales arteriae callosomarginal;rami frontales arteriae callosomarginalis;ia;;ramanan frontal di arteria callosomarginal;ia;;;;;
cardiovascular;Gastroduodenal artery;Arteria gastroduodenal;Arteria gastroduodenalis;arteria gastroduodenalis;ia;;arteria gastroduodenal;ia;;;;;
cardiovascular;Genicular veins;Venas geniculares;Venae geniculares;venae geniculares;ia;;venanan genicular;ia;;;;;
cardiovascular;Great cardiac vein;Vena cardíaca mayor;Vena magna cordis;vena cardiaca magna;ia;;vena cardiaca grandi;ia;;;;;
cardiovascular;Great saphenous vein;Gran vena safena;Vena saphena magna;vena saphena magna;wikipedia-nl;;vena safena grandi;ia;;;;;
cardiovascular;Greater palatine artery;Arteria palatina mayor;Arteria palatina major;arteria palatina major;ia;;arteria palatina mayor;ia;;;;;
cardiovascular;Hemi-azygos vein;Vena hemiácigos;Vena hemiazyga;vena hemiazygos;ia;;vena hemiacigos;ia;;;;;
cardiovascular;Hepatic portal vein;Vena porta hepática;Vena portae hepatis;poortader;ia;leverpoortader;vena porta di higra;ia;;;;;
cardiovascular;Hepatic veins;Venas hepáticas;Venae hepaticae;leverader;wikipedia-nl;leveraders;venanan di higra;ia;;;;;
cardiovascular;Ileal branch of ileocolic artery;Rama ileal de la arteria ileocólica;Ramus ilealis arteriae ileocolicae;ramus ilealis arteriae ileocolicae;ia;;rama ileal di arteria ileocolica;ia;;;;;
cardiovascular;Ileocolic artery;Arteria lleocólica;Arteria ileocolica;arteria ileocolica;ia;;arteria ileocolica;ia;;;;;
cardiovascular;Iliacus branch of iliolumbar artery;Rama ilíaca de la arteria iliolumbar;Ramus iliacus arteriae iliolumbalis;ramus iliacus arteriae iliolumbalis;ia;;rama iliaca di arteria iliolumbar;ia;;;;;
cardiovascular;Iliolumbar artery;Arteria iliolumbar;Arteria iliolumbalis;arteria iliolumbalis;ia;;arteria iliolumbar;ia;;;;;
cardiovascular;Iliolumbar vein;Vena iliolumbar;Vena iliolumbalis;vena iliolumbalis;ia;;vena iliolumbar;ia;;;;;
cardiovascular;Inferior alveolar artery;Arteria alveolar inferior;Arteria alveolaris inferior;arteria alveolaris inferior;ia;;arteria alveolar inferior;ia;;;;;
cardiovascular;Inferior basal vein of left lung;Vena basal inferior del pulmón izquierdo;Vena basalis inferior pulmonis sinistri;vena basalis inferior van de linkerlong;ia;;vena basal inferior di pulmon robez;ia;;;;;
cardiovascular;Inferior basal vein of right lung;Vena basal inferior del pulmón derecho;Vena basalis inferior pulmonis dextri;vena basalis inferior van de rechterlong;ia;;vena basal inferior di pulmon drechi;ia;;;;;
cardiovascular;Inferior epigastric artery;Arteria epigástrica inferior;Arteria epigastrica inferior;arteria epigastrica inferior;ia;;arteria epigastrica inferior;ia;;;;;
cardiovascular;Inferior epigastric vein;Vena epigástrica inferior;Vena epigastrica inferior;vena epigastrica inferior;ia;;vena epigastrica inferior;ia;;;;;
cardiovascular;Inferior gluteal artery;Arteria glútea inferior;Arteria glutea inferior;arteria glutea inferior;ia;;arteria glutea inferior;ia;;;;;
cardiovascular;Inferior gluteal veins;Venas glúteas inferiores;Venae gluteae inferiores;venae gluteae inferiores;ia;;venanan glutea inferior;ia;;;;;
cardiovascular;Inferior labial artery;Arteria labial inferior;Arteria labialis inferior;arteria labialis inferior;ia;;arteria labial inferior;ia;;;;;
cardiovascular;Inferior labial veins;Venas labiales inferiores;Venae labiales inferiores;venae labiales inferiores;ia;;venanan labial inferior;ia;;;;;
cardiovascular;Inferior lateral genicular artery;Arteria genicular inferior lateral;Arteria inferior lateralis genus;arteria inferior lateralis genus;ia;;arteria genicular inferior lateral;ia;;;;;
cardiovascular;Inferior leaflet of right atrioventricular valve;Válvula posterior de la valva atrioventricular derecha;Cuspis inferior valvae atrioventricularis dextrae;onderste slip van de tricuspidalisklep;ia;;cuspide inferior di valvula atrioventricular drechi;ia;;;;;
cardiovascular;Inferior lingular artery of left lung;Arteria lingular inferior del pulmón izquierdo;Arteria lingularis inferior pulmonis sinistri;arteria lingularis inferior van de linkerlong;ia;;arteria lingular inferior di pulmon robez;ia;;;;;
cardiovascular;Inferior lingular vein of left lung;Vena lingular inferior del pulmón izquierdo;Vena lingularis inferior pulmonis sinistri;vena lingularis inferior van de linkerlong;ia;;vena lingular inferior di pulmon robez;ia;;;;;
cardiovascular;Inferior lobar artery of right lung;Arteria lobar inferior del pulmón derecho;Arteria lobaris inferior pulmonis dextri;arteria lobaris inferior van de rechterlong;ia;;arteria lobar inferior di pulmon drechi;ia;;;;;
cardiovascular;Inferior medial genicular artery;Arteria genicular inferior medial;Arteria inferior medialis genus;arteria inferior medialis genus;ia;;arteria genicular inferior medial;ia;;;;;
cardiovascular;Inferior mesenteric artery;Arteria mesentérica inferior;Arteria mesenterica inferior;arteria mesenterica inferior;wikipedia-nl;;arteria mesenterica inferior;ia;;;;;
cardiovascular;Inferior mesenteric vein;Vena mesentérica inferior;Vena mesenterica inferior;vena mesenterica inferior;ia;;vena mesenterica inferior;ia;;;;;
cardiovascular;Inferior ophthalmic vein;Vena oftálmica inferior;Vena ophthalmica inferior;vena ophthalmica inferior;ia;;vena oftalmica inferior;ia;;;;;
cardiovascular;Inferior pancreaticoduodenal artery;Arteria pancreaticoduodenal inferior;Arteria pancreaticoduodenalis;arteria pancreaticoduodenalis inferior;ia;;arteria pancreaticoduodenal inferior;ia;;;;;
cardiovascular;Inferior papillary muscle of left ventricle;Músculo papilar inferior del ventrículo izquierdo;Musculus papillaris inferior ventriculi sinistri;onderste papillairspier van de linkerkamer;ia;;musculo papilar inferior di ventriculo robez;ia;;;;;
cardiovascular;Inferior papillary muscle of right ventricle;Músculo papilar posterior del ventrículo derecho;Musculus papillaris inferior ventriculi dextri;onderste papillairspier van de rechterkamer;ia;;musculo papilar inferior di ventriculo drechi;ia;;;;;
cardiovascular;Inferior petrosal sinus;Seno petroso inferior;Sinus petrosus inferior;sinus petrosus inferior;ia;;seno petroso inferior;ia;;;;;
cardiovascular;Inferior phrenic artery;Arteria frénica inferior;Arteria phrenica inferior;arteria phrenica inferior;ia;arteria phrenica inferior;arteria frenica inferior;ia;;;;;
cardiovascular;Inferior sagittal sinus;Seno sagital inferior;Sinus sagittalis inferior;sinus sagittalis inferior;ia;;seno sagital inferior;ia;;;;;
cardiovascular;Inferior suprarenal artery;Arteria suprarrenal inferior;Arteria suprarenalis inferior;arteria suprarenalis inferior;ia;;arteria suprarenal inferior;ia;;;;;
cardiovascular;Inferior thyroid artery;Arteria tiroidea inferior;Arteria thyreoidea inferior arteria thyroidea inferior;arteria thyroidea inferior;ia;;arteria tiroidea inferior;ia;;;;;
cardiovascular;Inferior ulnar collateral artery;Arteria colateral ulnar inferior;Arteria collateralis ulnaris inferior;arteria collateralis ulnaris inferior;ia;;arteria colateral ulnar inferior;ia;;;;;
cardiovascular;Inferior vein of left ventricle;Vena inferior del ventrículo izquierdo;Vena inferior ventriculi sinistri;vena inferior van de linkerkamer;ia;;vena inferior di ventriculo robez;ia;;;;;
cardiovascular;Inferior vein of left ventricle (//Posterior '');;;vena inferior van de linkerkamer (//Posterior '');ia;;vena inferior di ventriculo robez (//Posterior '');ia;;;;;
cardiovascular;Inferior vena cava (abdominal part);Vena cava inferior (parte abdominal);Vena cava inferior (pars abdominis);vena cava inferior;wikipedia-nl;onderste holle ader (abdominale deel);vena cava inferior (parte abdominal);ia;;;;;
cardiovascular;Inferior vena cava (thoracic part);Vena cava inferior (parte torácica);Vena cava inferior (part thoracica);vena cava inferior;wikipedia-nl;onderste holle ader (thoracale deel);vena cava inferior (parte toracico);ia;;;;;
cardiovascular;Infra-orbital artery;Arteria infraorbitaria;Arteria infraorbitalis;arteria infraorbitalis;ia;;arteria infraorbital;ia;;;;;
cardiovascular;Insular branches of middle cerebral artery (M2);Ramas insulares de la arteria cerebra media (M2);Rami insulares arteriae mediae cerebri (M2);insulaire takken van de arteria cerebri media (M2);ia;;ramanan insular di arteria cerebral media (M2);ia;;;;;
cardiovascular;Insular branches of middle cerebral artery (M2-segment);;;insulaire takken van de arteria cerebri media (M2-segment);ia;;ramanan insular di arteria cerebral media (segmento M2);ia;;;;;
cardiovascular;Intercapitular veins of foot;Venas intercapitulares del pie;Venae intercapitulares pedis;venae intercapitulares pedis;ia;;venanan intercapitular di pia;ia;;;;;
cardiovascular;Internal carotid artery;Arteria carótida interna;Carotis interna;arteria carotis interna;wikipedia-nl;inwendige halsslagader;arteria carotida interna;ia;;;;;
cardiovascular;Internal iliac artery;Arteria ilíaca interna;Arteria iliaca interna;arteria iliaca interna;wikipedia-nl;;arteria iliaca interna;ia;;;;;
cardiovascular;Internal iliac vein;Vena iliaca interna;Vena iliaca interna;vena iliaca interna;wikipedia-nl;;vena iliaca interna;ia;;;;;
cardiovascular;Internal jugular vein;Vena yugular interna;Vena jugularis interna;inwendige halsader;ia;;vena yugular interna;ia;;;;;
cardiovascular;Internal pudendal artery;Arteria pudenda interna;Arteria pudendalis interna;arteria pudenda interna;ia;;arteria pudenda interna;ia;;;;;
cardiovascular;Internal pudendal vein;Vena pudenda interna;Vena pudendalis interna;vena pudenda interna;ia;;vena pudenda interna;ia;;;;;
cardiovascular;Internal thoracic artery;Arteria torácica interna;Arteria thoracica interna;arteria thoracica interna;ia;;arteria toracica interna;ia;;;;;
cardiovascular;Internal thoracic veins;Venas torácicas internas;Venae thoracicae internae;venae thoracicae internae;ia;;venanan toracica interna;ia;;;;;
cardiovascular;Intrarenal arteries of left kidney;Arterias intrarrenales del riñón izquierdo;Arteriae intrarenales renis sinistri;intrarenale arteriën van de linkernier;ia;;arterianan intrarenal di nir robez;ia;;;;;
cardiovascular;Intrarenal arteries of right kidney;Arterias intrarrenales del riñón derecho;Arteriae intrarenales renis dextri;intrarenale arteriën van de rechternier;ia;;arterianan intrarenal di nir drechi;ia;;;;;
cardiovascular;Intrarenal veins of left kidney;Venas intrarrenales del riñón izquierdo;Venae intrarenales renis sinistri;intrarenale venen van de linkernier;ia;;venanan intrarenal di nir robez;ia;;;;;
cardiovascular;Intrarenal veins of right kidney;Venas intrarrenales del riñón derecho;Venae intrarenales renis dextri;intrarenale venen van de rechternier;ia;;venanan intrarenal di nir drechi;ia;;;;;
cardiovascular;Lacrimal artery;Arteria lagrimal;Arteria lacrimalis;arteria lacrimalis;ia;;arteria lagrimal;ia;;;;;
cardiovascular;Lateral basal segmental artery of left lung;Arteria segmentaria basal lateral del pulmón izquierdo;Arteria segmentalis basalis lateralis pulmonis sinistri;arteria segmentalis basalis lateralis van de linkerlong;ia;;arteria segmental basal lateral di pulmon robez;ia;;;;;
cardiovascular;Lateral basal segmental artery of right lung;Arteria segmentaria basal lateral del pulmón derecho;Arteria segmentalis basalis lateralis pulmonis dextri;arteria segmentalis basalis lateralis van de rechterlong;ia;;arteria segmental basal lateral di pulmon drechi;ia;;;;;
cardiovascular;Lateral circumflex femoral artery;Arteria circunfleja femoral lateral;Arteria circumflexa lateralis femoris;arteria circumflexa femoris lateralis;ia;;arteria circunfleja femoral lateral;ia;;;;;
cardiovascular;Lateral circumflex femoral veins;Venas femorales circunflejas laterales;Venae circumflexae latérales;venae circumflexae femoris laterales;ia;;venanan circunfleja femoral lateral;ia;;;;;
cardiovascular;Lateral frontobasal artery;;;arteria frontobasalis lateralis;ia;;arteria frontobasal lateral;ia;;;;;
cardiovascular;Lateral occipital artery;Arteria occipital lateral;Arteria occipitalis lateralis;arteria occipitalis lateralis;ia;;arteria occipital lateral;ia;;;;;
cardiovascular;Lateral plantar artery;Arteria plantar lateral;Arteria plantaris lateralis;arteria plantaris lateralis;ia;;arteria plantar lateral;ia;;;;;
cardiovascular;Lateral plantar veins;Venas plantares laterales;Venae plantares latérales;venae plantares laterales;ia;;venanan plantar lateral;ia;;;;;
cardiovascular;Lateral pontine branches of basilar artery;Ramas pontinas laterales de la arteria basilar;Rami laterales pontis arteriae basilaris;rami pontis laterales arteriae basilaris;ia;;ramanan pontino lateral di arteria basilar;ia;;;;;
cardiovascular;Lateral sacral veins;Venas sacras laterales;Venae sacrales latérales;venae sacrales laterales;ia;;venanan sacral lateral;ia;;;;;
cardiovascular;Lateral segmental artery of right lung;Arteria segmentaria lateral del pulmón derecho;Arteria segmentalis lateralis pulmonis dextri;arteria segmentalis lateralis van de rechterlong;ia;;arteria segmental lateral di pulmon drechi;ia;;;;;
cardiovascular;Lateral tarsal artery;Arteria tarsal lateral;Arteria tarsea lateralis;arteria tarsalis lateralis;ia;;arteria tarsal lateral;ia;;;;;
cardiovascular;Lateral thoracic artery;Arteria torácica lateral;Arteria thoracica lateralis;arteria thoracica lateralis;ia;;arteria toracica lateral;ia;;;;;
cardiovascular;Lateral thoracic vein;Vena torácica lateral;Vena thoracica lateralis;vena thoracica lateralis;ia;;vena toracica lateral;ia;;;;;
cardiovascular;Lateral vein of right lung;Vena lateral del pulmón derecho;Vena lateralis pulmonis dextri;vena lateralis van de rechterlong;ia;;vena lateral di pulmon drechi;ia;;;;;
cardiovascular;Left ascending lumbar vein;Vena lumbar ascendente izquierda;Vena lumbalis ascendens sinistra;linker vena lumbalis ascendens;ia;;vena lumbar ascendente robez;ia;;;;;
cardiovascular;Left atrium;Atrio izquierdo;Atrium sinistrum;linkerboezem;ia;atrium;atrio robez;ia;;;;;
cardiovascular;Left brachiocephalic vein;Vena braquiocefálica izquierda;Vena brachiocephalica sinistra;linker vena brachiocephalica;ia;;vena braquiocefalica robez;ia;;;;;
cardiovascular;Left colic artery;Arteria cólica izquierda;Arteria colica sinistra;arteria colica sinistra;ia;;arteria colica robez;ia;;;;;
cardiovascular;Left common carotid artery;Arteria carótida común izquierda;Carotis communis sinistra;linker gemeenschappelijke halsslagader;ia;arteria carotis communis;arteria carotida comun robez;ia;;;;;
cardiovascular;Left coronary artery;Arteria coronaria izquierda;Arteria coronaria sinistra;linker kransslagader;ia;;arteria coronaria robez;ia;;;;;
cardiovascular;Left coronary leaflet;Válvula coronaria aórtica izquierda;Valvula coronaria sinistra aortae;linker coronaire slip van de aortaklep;ia;;valvula coronaria robez di aorta;ia;;;;;
cardiovascular;Left gastric artery;Arteria gástrica izquierda;Arteria gastrica sinistra;arteria gastrica sinistra;ia;;arteria gastrica robez;ia;;;;;
cardiovascular;Left gastro-omental vein;Vena gastro-omental izquierda;Vena gastroomentalis sinistra;vena gastroomentalis sinistra;ia;;vena gastroomental robez;ia;;;;;
cardiovascular;Left inferior pulmonary vein;Vena pulmonar inferior izquierda;Vena pulmonalis sinistra inferior;linker onderste longader;ia;;vena pulmonar inferior robez;ia;;;;;
cardiovascular;Left pulmonary artery;Arteria pulmonar izquierda;Arteria pulmonalis sinistra;linker longslagader;ia;;arteria pulmonar robez;ia;;;;;
cardiovascular;Left renal artery;Arteria renal izquierda;Arteria renum sinistra;linker nierslagader;ia;nierslagader;arteria renal robez;ia;;;;;
cardiovascular;Left renal vein;Vena renal izquierda;Vena renalis sinistra;linker nierader;ia;;vena renal robez;ia;;;;;
cardiovascular;Left semilunar leaflet of pulmonary valve;Válvula semilunar izquierda de la valva pulmonar;Valvula semilunaris sinistra valvae trunci pulmonalis;linker semilunaire slip van de pulmonalisklep;ia;;valvula semilunar robez di valvula pulmonar;ia;;;;;
cardiovascular;Left subclavian artery;Arteria subclavia izquierda;Arteria subclavia sinistra;linker arteria subclavia;ia;arteria subclavia;arteria subclavia robez;ia;;;;;
cardiovascular;Left subclavian vein;Vena subclavia izquierda;Vena subclavia sinistra;linker vena subclavia;ia;vena subclavia;vena subclavia robez;ia;;;;;
cardiovascular;Left subcostal vein;Vena subcostal izquierda;Vena subcostalis sinistra;linker vena subcostalis;ia;;vena subcostal robez;ia;;;;;
cardiovascular;Left superior intercostal vein;Vena intercostal superior izquierda;Vena intercostalis superior sinistra;linker vena intercostalis superior;ia;;vena intercostal superior robez;ia;;;;;
cardiovascular;Left superior pulmonary vein;Vena pulmonar superior izquierda;Vena pulmonalis sinistra superior;linker bovenste longader;ia;;vena pulmonar superior robez;ia;;;;;
cardiovascular;Left testicular artery;Arteria testicular izquierda;Arteria testicularis sinistra;linker arteria testicularis;ia;;arteria testicular robez;ia;;;;;
cardiovascular;Left testicular vein;Vena testicular izquierda;Vena testicularis sinistra;linker vena testicularis;ia;;vena testicular robez;ia;;;;;
cardiovascular;Left ventricle;Ventrículo izquierdo;Ventriculus sinister;linkerkamer;ia;ventrikel;ventriculo robez;ia;;;;;
cardiovascular;Lingual vein;Vena lingual;Vena lingualis;vena lingualis;ia;;vena lingual;ia;;;;;
cardiovascular;Lingular vein of left lung;Vena lingular del pulmón izquierdo;Vena lingularis pulmonis sinistri;vena lingularis van de linkerlong;ia;;vena lingular di pulmon robez;ia;;;;;
cardiovascular;Long posterior ciliary arteries;Arterias ciliares posteriores largas;Arteriae ciliares posteriores longae;arteriae ciliares posteriores longae;ia;;arterianan ciliar posterior largo;ia;;;;;
cardiovascular;Lumbar arteries;Arterias lumbares;Arteriae lumbales;arteria lumbalis;wikipedia-nl;arteriae lumbales;arterianan lumbar;ia;;;;;
cardiovascular;Lumbar branch of iliolumbar artery;Rama lumbar de la arteria iliolumbar;Ramus lumbalis arteriae iliolumbalis;ramus lumbalis arteriae iliolumbalis;ia;;rama lumbar di arteria iliolumbar;ia;;;;;
cardiovascular;Lumbar veins;Venas lumbares;Venae lumbales;venae lumbales;ia;;venanan lumbar;ia;;;;;
cardiovascular;Marginal artery;Arteria marginal del colon;Arteria marginalis coli;arteria marginalis coli;ia;;arteria marginal di colon;ia;;;;;
cardiovascular;Maxillary artery;Arteria maxilar;Arteria maxillaris;arteria maxillaris;ia;;arteria maxilar;ia;;;;;
cardiovascular;Maxillary veins;Venas maxilares;Venae maxillares;venae maxillares;ia;;venanan maxilar;ia;;;;;
cardiovascular;Medial basal segmental artery of left lung;Arteria segmentaria basal medial del pulmón izquierdo;Arteria segmentalis basalis medialis pulmonis sinistri;arteria segmentalis basalis medialis van de linkerlong;ia;;arteria segmental basal medial di pulmon robez;ia;;;;;
cardiovascular;Medial basal segmental artery of right lung;Arteria segmentaria basal medial del pulmón derecho;Arteria segmentalis basalis medialis pulmonis dextri;arteria segmentalis basalis medialis van de rechterlong;ia;;arteria segmental basal medial di pulmon drechi;ia;;;;;
cardiovascular;Medial circumflex femoral artery;Arteria femoral circunfleja medial;Arteria circumflexa medialis femoris;arteria circumflexa femoris medialis;ia;;arteria circunfleja femoral medial;ia;;;;;
cardiovascular;Medial circumflex femoral veins;Venas femorales circunflejas mediales;Venae circumflexae mediales;venae circumflexae femoris mediales;ia;;venanan circunfleja femoral medial;ia;;;;;
cardiovascular;Medial occipital artery;Arteria occipital medial;Arteria occipitalis medialis;arteria occipitalis medialis;ia;;arteria occipital medial;ia;;;;;
cardiovascular;Medial plantar artery;Arteria plantar medial;Arteria plantaris medialis;arteria plantaris medialis;ia;;arteria plantar medial;ia;;;;;
cardiovascular;Medial plantar veins;Venas plantares mediales;Venae plantares mediales;venae plantares mediales;ia;;venanan plantar medial;ia;;;;;
cardiovascular;Medial pontine branches of basilar artery;Ramas pontinas mediales de la arteria basilar;Rami mediales pontis arteriae basilaris;rami pontis mediales arteriae basilaris;ia;;ramanan pontino medial di arteria basilar;ia;;;;;
cardiovascular;Medial segmental artery of right lung;Arteria segmentaria medial del pulmón derecho;Arteria segmentalis medialis pulmonis dextri;arteria segmentalis medialis van de rechterlong;ia;;arteria segmental medial di pulmon drechi;ia;;;;;
cardiovascular;Medial vein of right lung;Vena medial del pulmón derecho;Vena medialis pulmonalis dextri;vena medialis van de rechterlong;ia;;vena medial di pulmon drechi;ia;;;;;
cardiovascular;Median antebrachial vein;Vena antebraquial mediana;Vena mediana antebrachii;vena mediana antebrachii;ia;;vena mediana antebraquial;ia;;;;;
cardiovascular;Median cubital vein;Vena cubital mediana;Vena mediana cubiti;vena mediana cubiti;ia;;vena mediana cubital;ia;;;;;
cardiovascular;Median sacral artery;Arteria sacral mediana;Arteria sacralis mediana;arteria sacralis mediana;wikipedia-nl;;arteria sacral mediana;ia;;;;;
cardiovascular;Mental branch of inferior alveolar artery;Rama mental de la arteria alveolar inferior;Ramus mentalis arteriae alveolaris inferioris;ramus mentalis arteriae alveolaris inferioris;ia;;rama mental di arteria alveolar inferior;ia;;;;;
cardiovascular;Middle cardiac vein;Vena cardiaca media;Vena media cordis interventricularis inferior;vena cardiaca media;ia;;vena cardiaca media;ia;;;;;
cardiovascular;Middle cerebral artery (M1-segment);Arteria cerebral media (Segmento M1);Arteria cerebri media (Pars M1);arteria cerebri media;wikipedia-nl;arteria cerebri media (M1-segment);arteria cerebral media (segmento M1);ia;;;;;
cardiovascular;Middle cerebral artery (M3 segment);;;arteria cerebri media (M3-segment);ia;;arteria cerebral media (segmento M3);ia;;;;;
cardiovascular;Middle cerebral artery (M3-segment);Arteria cerebral media (Segmento M3);Arteria cerebri media (Pars M3);arteria cerebri media (M3-segment);ia;;arteria cerebral media (segmento M3);ia;;;;;
cardiovascular;Middle colic artery;Arteria cólica media;Arteria colica media;arteria colica media;ia;;arteria colica media;ia;;;;;
cardiovascular;Middle colic vein;Vena cólico media;Vena colica media;vena colica media;ia;;vena colica media;ia;;;;;
cardiovascular;Middle collateral artery;Arteria colateral media;Arteria collateralis media;arteria collateralis media;ia;;arteria colateral media;ia;;;;;
cardiovascular;Middle genicular artery;;;arteria media genus;ia;;arteria genicular media;ia;;;;;
cardiovascular;Middle lobar artery of right lung;Arteria lobar media del pulmón derecho;Arteria lobaris media pulmonis dextri;arteria lobaris media van de rechterlong;ia;;arteria lobar media di pulmon drechi;ia;;;;;
cardiovascular;Middle meningeal artery;Arteria meníngea media;Arteria meningea media;arteria meningea media;ia;;arteria meningea media;ia;;;;;
cardiovascular;Musculophrenic artery;Arteria musculofrénica;Arteria musculoohrenica;arteria musculophrenica;ia;;arteria musculofrenica;ia;;;;;
cardiovascular;Musculophrenic veins;Venas musculofrénicas;Venae musculophrenicae;venae musculophrenicae;ia;;venanan musculofrenica;ia;;;;;
cardiovascular;Mylohyoid branch of inferior alveolar artery;Rama milohioidea de la arteria alveolar inferior;Ramus mylohyoideus arteriae alveolaris inferioris;ramus mylohyoideus arteriae alveolaris inferioris;ia;;rama milohioidea di arteria alveolar inferior;ia;;;;;
cardiovascular;Non-coronary leaflet;Válvula no coronaria de la valva aórtica;Valvula noncoronaria valvae aortae;niet-coronaire slip van de aortaklep;ia;;valvula no coronaria di aorta;ia;;;;;
cardiovascular;Obturator artery;Arteria obturatriz;Arteria obturatoria;arteria obturatoria;ia;;arteria obturatriz;ia;;;;;
cardiovascular;Occipital artery;Arteria occipital;Arteria occipitalis;arteria occipitalis;ia;;arteria occipital;ia;;;;;
cardiovascular;Occipital sinus;Seno occipital;Sinus occipitalis;sinus occipitalis;ia;;seno occipital;ia;;;;;
cardiovascular;Occipital vein;Vena occipital;Vena occipitalis;vena occipitalis;ia;;vena occipital;ia;;;;;
cardiovascular;Ophthalmic artery;Arteria oftálmica;Arteria ophthalmica;arteria ophthalmica;wikipedia-nl;;arteria oftalmica;ia;;;;;
cardiovascular;Orbitofrontal branches of anterior cerebral artery;Ramas orbitofrontales de la arteria cerebral anterior;Rami orbitofrontales arteriae cerebri anterior;rami orbitofrontales arteriae cerebri anterioris;ia;;ramanan orbitofrontal di arteria cerebral anterior;ia;;;;;
cardiovascular;Palmar carpal branch of radial artery;Rama carpiana palmar de la arteria radial;Ramus carpeus palmaris arteriae;ramus carpalis palmaris arteriae radialis;ia;;rama carpal palmar di arteria radial;ia;;;;;
cardiovascular;Palmar digital veins;Venas digitales palmares;Venae digitales palmares;venae digitales palmares;ia;;venanan digital palmar;ia;;;;;
cardiovascular;Palmar metacarpal arteries;Arterias metacarpianas palmares;Arteriae metacarpeae palmares;arteriae metacarpales palmares;ia;;arterianan metacarpiano palmar;ia;;;;;
cardiovascular;Parietal branches of middle cerebral artery;Ramas parietales de la arteria cerebral media;Rami pariétales arteriae mediae cerebri;pariëtale takken van de arteria cerebri media;ia;;ramanan parietal di arteria cerebral media;ia;;;;;
cardiovascular;Parieto-occipital artery;Arteria parietooccipital;Arteria paritooccipitale;arteria parietooccipitalis;ia;;arteria parietooccipital;ia;;;;;
cardiovascular;Patellar anastomosis;Anastomosis patelar;Rete patellare;rete patellare;ia;;anastomosis patelar;ia;;;;;
cardiovascular;Pectoral branches of thoraco-acromial artery;Ramas pectorales de la arteria toracoacromial;Rami pectorales arteriae thoracoacromialis;rami pectorales arteriae thoracoacromialis;ia;;ramanan pectoral di arteria toracoacromial;ia;;;;;
cardiovascular;Perforating branches of plantar metatarsal arteries;Ramas perforantes de las arterias metatarsianas plantares;Rami perforantes arteriarum metatarsearum plantarium;rami perforantes arteriarum metatarsalium plantarium;ia;;ramanan perforante di arterianan metatarsiano plantar;ia;;;;;
cardiovascular;Perforating femoral arteries;Arterias femorales perforantes;Arteriae perforantes femoris;arteriae perforantes femoris;ia;;arterianan perforante femoral;ia;;;;;
cardiovascular;Perforating veins;Venas perforantes;Venae perforantes;venae perforantes;ia;;venanan perforante;ia;;;;;
cardiovascular;Pericallosal artery;Arteria pericallosa;Arteria pericallosa;arteria pericallosa;ia;arteria cerebri anterior;arteria pericallosa;ia;;;;;
cardiovascular;Plantar arch;Arco plantar;Arcus plantaris;arcus plantaris;ia;;arco plantar;ia;;;;;
cardiovascular;Plantar digital veins;Venas digitales plantares;Venae digitales plantares;venae digitales plantares;ia;;venanan digital plantar;ia;;;;;
cardiovascular;Plantar metatarsal arteries;Arterias metatarsianas plantares;Arteriae metatarseae plantares;arteriae metatarsales plantares;ia;;arterianan metatarsiano plantar;ia;;;;;
cardiovascular;Plantar metatarsal veins;Venas metatarsianas plantares;Venae metatarseae plantares;venae metatarsales plantares;ia;;venanan metatarsiano plantar;ia;;;;;
cardiovascular;Plantar venous arch;Arco venoso plantar;Arcus venosus plantaris;arcus venosus plantaris;ia;;arco venoso plantar;ia;;;;;
cardiovascular;Popliteal artery;Arteria poplítea;Arteria poplitea;arteria poplitea;ia;;arteria poplitea;ia;;;;;
cardiovascular;Popliteal vein;Vena poplítea;Vena poplitea;vena poplitea;ia;;vena poplitea;ia;;;;;
cardiovascular;Postcentral arterial branch;Rama arterial poscentral;Ramus arteriosus postcentralis;postcentrale arteriële tak;ia;;rama arterial postcentral;ia;;;;;
cardiovascular;Posterior auricular vein;Vena auricular posterior;Vena auricularis posterior;vena auricularis posterior;ia;;vena auricular posterior;ia;;;;;
cardiovascular;Posterior basal segmental artery of left lung;Arteria segmentaria basal posterior del pulmón izquierdo;Arteria segmentalis basalis posterior pulmonis sinistri;arteria segmentalis basalis posterior van de linkerlong;ia;;arteria segmental basal posterior di pulmon robez;ia;;;;;
cardiovascular;Posterior basal segmental artery of right lung;Arteria segmentaria basal posterior del pulmón derecho;Arteria segmentalis basalis posterior pulmonis dextri;arteria segmentalis basalis posterior van de rechterlong;ia;;arteria segmental basal posterior di pulmon drechi;ia;;;;;
cardiovascular;Posterior branch of renal artery;Rama posterior de la arteria renal;Ramus posterior arteriae renalis;ramus posterior arteriae renalis;ia;nierslagader;rama posterior di arteria renal;ia;;;;;
cardiovascular;Posterior cerebral artery;Arteria cerebral posterior;Arteria cerebri posterior;arteria cerebri posterior;wikipedia-nl;;arteria cerebral posterior;ia;;;;;
cardiovascular;Posterior circumflex humeral artery;Arteria circunfleja posterior del húmero;Arteria circumflexa posterior humeri;arteria circumflexa humeri posterior;ia;;arteria circunfleja humeral posterior;ia;;;;;
cardiovascular;Posterior circumflex humeral vein;Vena circunfleja humeral posterior;Vena circumflexa posterior humeri;vena circumflexa humeri posterior;ia;;vena circunfleja humeral posterior;ia;;;;;
cardiovascular;Posterior communicating artery;Arteria comunicante posterior;Arteria communicans posterior;arteria communicans posterior;wikipedia-nl;;arteria comunicante posterior;ia;;;;;
cardiovascular;Posterior deep temporal artery;Arteria temporal profunda posterior;Arteria temporalis profunda posterior;arteria temporalis profunda posterior;ia;;arteria temporal profunda posterior;ia;;;;;
cardiovascular;Posterior division of internal iliac artery;División posterior de la arteria ilíaca interna;Divisio posterior arteriae iliacae internaecus;achterste tak van de arteria iliaca interna;ia;arteria iliaca interna;division posterior di arteria iliaca interna;ia;;;;;
cardiovascular;Posterior division of retromandibular vein;División posterior de la vena retromandibular;Divisio posterior venae retromandibularis;achterste tak van de vena retromandibularis;ia;;division posterior di vena retromandibular;ia;;;;;
cardiovascular;Posterior ethmoidal artery;Arteria etmoidal posterior;Arteria ethmoidea posterior;arteria ethmoidalis posterior;ia;;arteria etmoidal posterior;ia;;;;;
cardiovascular;Posterior inferior cerebellar artery;Arteria cerebelosa inferior posterior;Arteria cerebelli inferior posterior;arteria cerebelli inferior posterior;wikipedia-nl;arteria inferior posterior cerebelli;arteria cerebelosa inferior posterior;ia;;;;;
cardiovascular;Posterior intercavernous sinus;Seno intercavernoso posterior;Sinus intercavernosus posterior;sinus intercavernosus posterior;ia;;seno intercavernoso posterior;ia;;;;;
cardiovascular;Posterior intercostal arteries;Arterias intercostales posteriores;Arteriae intercostales posteriores;arteriae intercostales posteriores;ia;;arterianan intercostal posterior;ia;;;;;
cardiovascular;Posterior interosseous artery;Arteria interósea posterior;Arteria interossea posterior;arteria interossea posterior;ia;;arteria interosea posterior;ia;;;;;
cardiovascular;Posterior lateral nasal branches of sphenopalatine artery.;;;rami nasales posteriores laterales arteriae sphenopalatinae;ia;;ramanan nasal posterior lateral di arteria esfenopalatina;ia;;;;;
cardiovascular;Posterior leaflet of left atrioventricular valve;Válvula posterior de la valva atrioventricular izquierda;Cuspis posterior valvae atrioventricularis sinistrae;achterste slip van de mitralisklep;ia;;cuspide posterior di valvula atrioventricular robez;ia;;;;;
cardiovascular;Posterior parietal artery;;;arteria parietalis posterior;ia;;arteria parietal posterior;ia;;;;;
cardiovascular;Posterior segmental artery of left lung;Arteria segmentaria posterior del pulmón izquierdo;Arteria segmentalis posterior pulmonis sinistri;arteria segmentalis posterior van de linkerlong;ia;;arteria segmental posterior di pulmon robez;ia;;;;;
cardiovascular;Posterior segmental artery of right lung;Arteria segmentaria posterior del pulmón derecho;Arteria segmentalis posterior pulmonis dextri;arteria segmentalis posterior van de rechterlong;ia;;arteria segmental posterior di pulmon drechi;ia;;;;;
cardiovascular;Posterior septal branches of sphenopalatine artery;Ramas septales posteriores anteriores-arteria esfenopalatina;Rami septales posteriores arteriae sphenopalatinae;rami septales posteriores arteriae sphenopalatinae;ia;;ramanan septal posterior di arteria esfenopalatina;ia;;;;;
cardiovascular;Posterior superior alveolar artery;Arteria alveolar superior posterior;Arteria alveolaris superior posterior;arteria alveolaris superior posterior;ia;;arteria alveolar superior posterior;ia;;;;;
cardiovascular;Posterior temporal branch;;;achterste temporale tak;ia;;rama temporal posterior;ia;;;;;
cardiovascular;Posterior tibial artery;Arteria tibial posterior;Arteria tibialis posterior;arteria tibialis posterior;ia;;arteria tibial posterior;ia;;;;;
cardiovascular;Posterior tibial veins;Venas tibiales posteriores;Venae tibiales posteriores;venae tibiales posteriores;ia;;venanan tibial posterior;ia;;;;;
cardiovascular;Posterior vein of right lung;Vena posterior del pulmón derecho;Vena posterior pulmonis dextri;vena posterior van de rechterlong;ia;;vena posterior di pulmon drechi;ia;;;;;
cardiovascular;Prefrontal artery;;;arteria prefrontalis;ia;;arteria prefrontal;ia;;;;;
cardiovascular;Proper hepatic artery;Arteria hepática propia;Arteria hepatica propria;arteria hepatica propria;ia;;arteria hepatica propia;ia;;;;;
cardiovascular;Proper palmar digital arteries;Arterias digitales palmares propias;Arteriae digitales palmares propriae;arteriae digitales palmares propriae;ia;;arterianan digital palmar propia;ia;;;;;
cardiovascular;Proper plantar digital arteries;Arterias digitales plantares propias;Arteriae digitales plantares propriae;arteriae digitales plantares propriae;ia;;arterianan digital plantar propia;ia;;;;;
cardiovascular;Proximal lateral striate branches;;;proximale laterale striatale takken;ia;;ramanan estriado lateral proximal;ia;;;;;
cardiovascular;Pulmonary trunk;Tronco pulmonar;Truncus pulmonalis;truncus pulmonalis;ia;longslagader;tronco pulmonar;ia;;;;;
cardiovascular;Radial artery;Arteria radial;Arteria radialis;polsslagader;wikipedia-nl;arteria radialis;arteria radial;ia;;;;;
cardiovascular;Radial collateral artery;Arteria colateral radial;Arteria collateralis radialis;arteria collateralis radialis;ia;;arteria colateral radial;ia;;;;;
cardiovascular;Radial veins;Venas radiales;Venae radiales;venae radiales;ia;;venanan radial;ia;;;;;
cardiovascular;Recurrent interosseous artery;Arteria interósea recurrente;Arteria interossea recurrens;arteria interossea recurrens;ia;;arteria interosea recurrente;ia;;;;;
cardiovascular;Retromandibular vein;Vena retromandibular;Vena retromandibularis;vena retromandibularis;ia;;vena retromandibular;ia;;;;;
cardiovascular;Right ascending lumbar vein;Vena lumbar ascendente derecha;Vena lumbalis ascendens dextra;rechter vena lumbalis ascendens;ia;;vena lumbar ascendente drechi;ia;;;;;
cardiovascular;Right atrium;Atrio derecho;Atrium dextrum;rechterboezem;ia;atrium;atrio drechi;ia;;;;;
cardiovascular;Right brachiocephalic vein;Vena braquiocefálica derecha;Vena brachiocephalica dextra;rechter vena brachiocephalica;ia;;vena braquiocefalica drechi;ia;;;;;
cardiovascular;Right colic artery;Arteria cólica derecha;Arteria colica dextra;arteria colica dextra;ia;;arteria colica drechi;ia;;;;;
cardiovascular;Right colic vein;Vena cólica derecha;Vena colica dextra;vena colica dextra;ia;;vena colica drechi;ia;;;;;
cardiovascular;Right common carotid artery;Arteria carótida común derecha;Carotis communis dextra;rechter gemeenschappelijke halsslagader;ia;arteria carotis communis;arteria carotida comun drechi;ia;;;;;
cardiovascular;Right coronary artery;Arteria coronaria derecha;Arteria coronaria dextra;rechter kransslagader;ia;;arteria coronaria drechi;ia;;;;;
cardiovascular;Right coronary leaflet;Válvula coronaria aórtica derecha;Valvula coronaria dextra aortae;rechter coronaire slip van de aortaklep;ia;;valvula coronaria drechi di aorta;ia;;;;;
cardiovascular;Right gastro-omental vein;Vena gastro-omental derecha;Vena gastroomentalis dextra;vena gastroomentalis dextra;ia;;vena gastroomental drechi;ia;;;;;
cardiovascular;Right inferior pulmonary vein;Vena pulmonar inferior derecha;Vena pulmonalis dextra inferior;rechter onderste longader;ia;;vena pulmonar inferior drechi;ia;;;;;
cardiovascular;Right inferolateral branch of right coronary artery;Rama inferolateral derecha de la arteria coronaria derecha;(Ramus inferolateralis dexter arteriae coronariae dextrae);rechter inferolaterale tak van de rechter kransslagader;ia;;rama inferolateral drechi di arteria coronaria drechi;ia;;;;;
cardiovascular;Right pulmonary artery;Arteria pulmonar derecha;Arteria pulmonalis dextra;rechter longslagader;ia;longslagader;arteria pulmonar drechi;ia;;;;;
cardiovascular;Right renal artery;Arteria renal derecha;Arteria renum dextra;rechter nierslagader;ia;nierslagader;arteria renal drechi;ia;;;;;
cardiovascular;Right renal vein;Vena renal derecha;Vena renalis dextra;rechter nierader;ia;;vena renal drechi;ia;;;;;
cardiovascular;Right semilunar leaflet of pulmonary valve;Válvula semilunar derecha de la valva pulmonar;Valvula semilunaris dextra valvae trunci pulmonalis;rechter semilunaire slip van de pulmonalisklep;ia;;valvula semilunar drechi di valvula pulmonar;ia;;;;;
cardiovascular;Right subclavian artery;Arteria subclavia derecha;Arteria subclavia dextra;rechter arteria subclavia;ia;arteria subclavia;arteria subclavia drechi;ia;;;;;
cardiovascular;Right subclavian vein;Vena subclavia derecha;Vena subclavia dextra;rechter vena subclavia;ia;vena subclavia;vena subclavia drechi;ia;;;;;
cardiovascular;Right subcostal vein;Vena subcostal derecha;Vena subcostalis dextra;rechter vena subcostalis;ia;;vena subcostal drechi;ia;;;;;
cardiovascular;Right superior intercostal vein;Vena intercostal superior derecha;Vena intercostalis superior dextra;rechter vena intercostalis superior;ia;;vena intercostal superior drechi;ia;;;;;
cardiovascular;Right superior phrenic vein;Vena frénica superior derecha;Vena phrenica superior dextra;rechter vena phrenica superior;ia;;vena frenica superior drechi;ia;;;;;
cardiovascular;Right superior pulmonary vein;Vena ulmonar superior derecha;Vena pulmonalis dextra superior;rechter bovenste longader;ia;;vena pulmonar superior drechi;ia;;;;;
cardiovascular;Right testicular artery;Arteria testicular derecha;Arteria testicularis dextra;rechter arteria testicularis;ia;;arteria testicular drechi;ia;;;;;
cardiovascular;Right testicular vein;Vena testicular derecha;Vena testicularis dextra;rechter vena testicularis;ia;;vena testicular drechi;ia;;;;;
cardiovascular;Right ventricle;Ventrículo derecho;Ventriculus dexter;rechterkamer;ia;ventrikel;ventriculo drechi;ia;;;;;
cardiovascular;Second posterior intercostal artery;Segunda arteria intercostal posterior;Arteria intercostalis posterior secunda;tweede arteria intercostalis posterior;ia;;segundo arteria intercostal posterior;ia;;;;;
cardiovascular;Septal branches of anterior interventricular artery;Ramas septales de la arteria interventricular anterior;Rami sept. art. Intervent. ant. sept. arteriae coron. sinis.;septale takken van de arteria interventricularis anterior;ia;;ramanan septal di arteria interventricular anterior;ia;;;;;
cardiovascular;Septal branches of posterior ethmoidal artery;Ramas septales de la arteria etmoidal posterior;Rami septales arteriae ethmoideae posterioris;rami septales arteriae ethmoidalis posterioris;ia;;ramanan septal di arteria etmoidal posterior;ia;;;;;
cardiovascular;Septal leaflet of right atrioventricular valve;Válvula septal de la valva atrioventricular derecha;Cuspis septalis valvae atrioventricularis dextrae;septale slip van de tricuspidalisklep;ia;;cuspide septal di valvula atrioventricular drechi;ia;;;;;
cardiovascular;Septal papillary muscle of right ventricle;Musculo papilar septal del ventrículo derecho;Musculus papillaris septalis ventriculi dextri;septale papillairspier van de rechterkamer;ia;;musculo papilar septal di ventriculo drechi;ia;;;;;
cardiovascular;Short posterior ciliary arteries;Arterias ciliares posteriores cortas;Arteriae ciliares posteriores breves;arteriae ciliares posteriores breves;ia;;arterianan ciliar posterior cortico;ia;;;;;
cardiovascular;Sigmoid arteries;Arterias sigmoideas;Arteriae sigmoideae;arteriae sigmoideae;ia;;arterianan sigmoidea;ia;;;;;
cardiovascular;Sigmoid sinus;Seno sigmoideo;Sinus sigmoideus;sinus sigmoideus;ia;;seno sigmoideo;ia;;;;;
cardiovascular;Sigmoid veins;Venas sigmoideas;Venae sigmoideae;venae sigmoideae;ia;;venanan sigmoidea;ia;;;;;
cardiovascular;Small saphenous vein;Pequeña vena safena;Vena saphena parva;vena saphena parva;wikipedia-nl;;vena safena chikito;ia;;;;;
cardiovascular;Spinal branch of iliolumbar artery;Rama espinal de la arteria iliolumbar;Ramus spinalis arteriae iliolumbalis;ramus spinalis arteriae iliolumbalis;ia;;rama espinal di arteria iliolumbar;ia;;;;;
cardiovascular;Splenic artery;Arteria esplénica;Arteria splenica;arteria lienalis;wikipedia-nl;miltslagader;arteria esplenica;ia;;;;;
cardiovascular;Splenic vein;Vena esplénica;Vena splenica;miltader;ia;;vena esplenica;ia;;;;;
cardiovascular;Straight sinus;Seno recto;Sinus rectus;sinus rectus;ia;;seno recto;ia;;;;;
cardiovascular;Subcostal artery;Arteria subcostal;Arteria subcostalis;arteria subcostalis;ia;;arteria subcostal;ia;;;;;
cardiovascular;Submental artery;Arteria submental;Arteria submentalis;arteria submentalis;ia;;arteria submental;ia;;;;;
cardiovascular;Submental vein;Vena submental;Vena submentalis;vena submentalis;ia;;vena submental;ia;;;;;
cardiovascular;Subscapular artery;Arteria subescapular;Arteria subscapularis;arteria subscapularis;ia;;arteria subescapular;ia;;;;;
cardiovascular;Subscapular vein;Vena subescapular;Vena subscapularis;vena subscapularis;ia;;vena subescapular;ia;;;;;
cardiovascular;Superficial branch of medial plantar artery;Rama superficial de la arteria plantar medial;Ramus superficialis arteriae plantaris medialis;ramus superficialis arteriae plantaris medialis;ia;;rama superficial di arteria plantar medial;ia;;;;;
cardiovascular;Superficial dorsal veins of penis;Venas dorsales superficiales del pene;Venae dorsales superficiales penis;venae dorsales superficiales penis;ia;;venanan dorsal superficial di penis;ia;;;;;
cardiovascular;Superficial epigastric artery;Arteria epigástrica superficial;Arteria epigastrica superficialis;arteria epigastrica superficialis;ia;;arteria epigastrica superficial;ia;;;;;
cardiovascular;Superficial epigastric vein;Vena epigástrica superficial;Vena epigastrica superficialis;vena epigastrica superficialis;ia;;vena epigastrica superficial;ia;;;;;
cardiovascular;Superficial external pudendal artery;Arteria pudenda externa superficial;Arteria pudendalis externa superficialis;arteria pudenda externa superficialis;ia;;arteria pudenda externa superficial;ia;;;;;
cardiovascular;Superficial palmar arch;Arco palmar superficial;Arcus palmaris superficialis;arcus palmaris superficialis;ia;;arco palmar superficial;ia;;;;;
cardiovascular;Superficial temporal artery;Arteria temporal superficial;Arteria temporalis superficialis;arteria temporalis superficialis;wikipedia-nl;;arteria temporal superficial;ia;;;;;
cardiovascular;Superficial temporal veins;Venas temporales superficiales;Venae temporales superficiales;venae temporales superficiales;ia;;venanan temporal superficial;ia;;;;;
cardiovascular;Superficial venous palmar arch;Arco venoso palmar superficial;Arcus venosus palmaris superficialis;arcus venosus palmaris superficialis;ia;;arco venoso palmar superficial;ia;;;;;
cardiovascular;Superior anorectal artery;Arteria anorrectal superior;Arteria anorectalis superior;arteria anorectalis superior;ia;;arteria anorectal superior;ia;;;;;
cardiovascular;Superior basal vein of left lung;Vena basal superior del pulmón izquierdo;Vena basalis superior pulmonis sinistri;vena basalis superior van de linkerlong;ia;;vena basal superior di pulmon robez;ia;;;;;
cardiovascular;Superior basal vein of right lung;Vena basal superior del pulmón derecho;Vena basalis superior pulmonis dextri;vena basalis superior van de rechterlong;ia;;vena basal superior di pulmon drechi;ia;;;;;
cardiovascular;Superior cerebellar artery;Arteria cerebelosa superior;Arteria cerebelli superior;arteria cerebelli superior;ia;;arteria cerebelar superior;ia;;;;;
cardiovascular;Superior epigastric artery;Arteria epigástrica superior;Arteria epigastrica superior;arteria epigastrica superior;ia;;arteria epigastrico superior;ia;;;;;
cardiovascular;Superior epigastric veins;Venas epigástricas superiores;Venae epigastricae superiores;venae epigastricae superiores;ia;;venanan epigastrico superior;ia;;;;;
cardiovascular;Superior gluteal artery;Arteria glútea superior;Arteria glutea superior;arteria glutea superior;ia;;arteria gluteo superior;ia;;;;;
cardiovascular;Superior gluteal veins;Venas glúteas superiores;Venae gluteae superiores;venae gluteae superiores;ia;;venanan gluteo superior;ia;;;;;
cardiovascular;Superior labial artery;Arteria labial superior;Arteria labialis superior;arteria labialis superior;ia;;arteria labial superior;ia;;;;;
cardiovascular;Superior labial vein;Vena labial superior;Vena labialis superior;vena labialis superior;ia;;vena labial superior;ia;;;;;
cardiovascular;Superior lateral genicular artery;Arteria genicular superior lateral;Arteria superior lateralis genus;arteria superior lateralis genus;ia;;arteria genicular superior lateral;ia;;;;;
cardiovascular;Superior lingular artery of left lung;Arteria lingular superior del pulmón izquierdo;Arteria lingularis superior pulmonis sinistri;arteria lingularis superior van de linkerlong;ia;;arteria lingular superior di pulmon robez;ia;;;;;
cardiovascular;Superior lingular vein of left lung;Vena lingular superior del pulmón izquierdo;Vena lingularis superior pulmonis sinistri;vena lingularis superior van de linkerlong;ia;;vena lingular superior di pulmon robez;ia;;;;;
cardiovascular;Superior lobar artery of right lung;Arteria lobar superior del pulmón derecho;Arteria lobaris superior pulmonis dextri;arteria lobaris superior van de rechterlong;ia;;arteria lobar superior di pulmon drechi;ia;;;;;
cardiovascular;Superior medial genicular artery;Arteria genicular superior medial;Arteria superior medialis genus;arteria superior medialis genus;ia;;arteria genicular superior medial;ia;;;;;
cardiovascular;Superior mesenteric artery;Arteria mesentérica superior;Arteria mesenteries superior;arteria mesenterica superior;wikipedia-nl;;arteria mesenterico superior;ia;;;;;
cardiovascular;Superior mesenteric vein;Vena mesentérica superior;Vena mesenterica superior;vena mesenterica superior;ia;;vena mesenterico superior;ia;;;;;
cardiovascular;Superior ophthalmic vein;Vena oftalmica superior;Vena ophthalmica superior;vena ophthalmica superior;ia;;vena oftalmico superior;ia;;;;;
cardiovascular;Superior petrosal sinus;Seno petroso superior;Sinus petrosus superior;sinus petrosus superior;ia;;seno petroso superior;ia;;;;;
cardiovascular;Superior phrenic arteries;Arterias frénicas superiores;Arteriae phrenicae superiores;arteriae phrenicae superiores;ia;;arterianan frenico superior;ia;;;;;
cardiovascular;Superior sagittal sinus;Seno sagital superior;Sinus sagittalis superior;sinus sagittalis superior;ia;;seno sagital superior;ia;;;;;
cardiovascular;Superior segmental artery of left lung;Arteria segmentaria superior del pulmón izquierdo;Arteria segmentalis superior pulmonis sinistri;arteria segmentalis superior van de linkerlong;ia;;arteria segmental superior di pulmon robez;ia;;;;;
cardiovascular;Superior segmental artery of right lung;Arteria segmentaria superior del pulmón derecho;Arteria segmentalis superior pulmonis dextri;arteria segmentalis superior van de rechterlong;ia;;arteria segmental superior di pulmon drechi;ia;;;;;
cardiovascular;Superior thyroid vein;Vena tiroidea superior;Vena thyreoidea superior;vena thyroidea superior;ia;;vena tiroideo superior;ia;;;;;
cardiovascular;Superior ulnar collateral artery;Arteria colateral ulnar superior;Arteria collateralis ulnaris superior;arteria collateralis ulnaris superior;ia;;arteria colateral ulnar superior;ia;;;;;
cardiovascular;Superior vein of left lung;Vena superior del pulmón izquierdo;Vena superior pulmonis sinistri;vena pulmonalis superior van de linkerlong;ia;;vena superior di pulmon robez;ia;;;;;
cardiovascular;Superior vein of right lung;Vena superior del pulmón derecho;Vena superior pulmonis dextri;vena pulmonalis superior van de rechterlong;ia;;vena superior di pulmon drechi;ia;;;;;
cardiovascular;Superior vena cava;Vena cava superior;Vena cava superior;vena cava superior;wikipedia-nl;;vena cava superior;ia;;;;;
cardiovascular;Supra-orbital artery;Arteria supraorbitaria;Arteria supraorbitalis;arteria supraorbitalis;ia;;arteria supraorbital;ia;;;;;
cardiovascular;Suprascapular artery;Arteria supraescapular;Arteria suprascapularis;arteria suprascapularis;ia;;arteria supraescapular;ia;;;;;
cardiovascular;Suprascapular vein;Vena supraescapular;Vena suprascapularis;vena suprascapularis;ia;;vena supraescapular;ia;;;;;
cardiovascular;Supratrochlear artery;Arteria supratroclear;Arteria supratrochlearis;arteria supratrochlearis;ia;;arteria supratroclear;ia;;;;;
cardiovascular;Supreme intercostal artery;Arteria intercostal suprema;Arteria intercostalis suprema;arteria intercostalis suprema;ia;;arteria intercostal suprema;ia;;;;;
cardiovascular;Temporal branches of middle cerebral artery;Ramas temporales de la arteria cerebral media;Rami temporales arteriae mediae cerebri;rami temporales van de arteria cerebri media;ia;;ramanan temporal di arteria cerebral medio;ia;;;;;
cardiovascular;Temporo-occipital branch;;;ramus temporooccipitalis;ia;;rama temporo-occipital;ia;;;;;
cardiovascular;Thoracic aorta;Aorta torácica;Aorta thoracica;thoracale aorta;ia;;aorta toracico;ia;;;;;
cardiovascular;Thoraco-acromial artery;Arteria toracoacromial;Arteria thoracoacromialis;arteria thoracoacromialis;ia;;arteria toracoacromial;ia;;;;;
cardiovascular;Thoracodorsal artery;Arteria toracodorsal;Arteria thoracodorsalis;arteria thoracodorsalis;ia;;arteria toracodorsal;ia;;;;;
cardiovascular;Thoracodorsal vein;Vena toracodorsal;Vena thoracodorsalis;vena thoracodorsalis;ia;;vena toracodorsal;ia;;;;;
cardiovascular;Thyrocervical trunk;Tronco tirocervical;Truncus thyreocervicalis;truncus thyrocervicalis;ia;;tronco tirocervical;ia;;;;;
cardiovascular;Transverse cervical artery;Arteria cervical transversal;Arteria transversa colli arteria transversa cervicis;arteria transversa colli;ia;;arteria cervical transverso;ia;;;;;
cardiovascular;Transverse facial artery;Arteria facial transversa;Arteria transversa faciei;arteria transversa faciei;ia;;arteria facial transverso;ia;;;;;
cardiovascular;Transverse sinus;Seno transverso;Sinus transversus;sinus transversus;ia;;seno transverso;ia;;;;;
cardiovascular;Ulnar artery;Arteria ulnar;Arteria ulnaris;ellepijpslagader;wikipedia-nl;arteria ulnaris;arteria ulnar;ia;;;;;
cardiovascular;Ulnar veins;Venas ulnares;Venae ulnares;venae ulnares;ia;;venanan ulnar;ia;;;;;
cardiovascular;Vertebral artery;Arteria vertebral;Arteria vertebralis;arteria vertebralis;wikipedia-nl;;arteria vertebral;ia;;;;;
cardiovascular;Vertebral vein;Vena vertebral;Vena vertebralis;vena vertebralis;ia;;vena vertebral;ia;;;;;
esqueletico;Anterior cells of ethmoid bone;Células óseas etmoidales etmoidales anteriores;Cellulae anteriores ossis ethmoidei;voorste cellen van het zeefbeen;ia;;celulanan anterior di wesu etmoide;ia;;;;;
esqueletico;Arytenoid cartilage;Cartílago aritenoides;Cartilago arytenoidea;bekerkraakbeentje;wikipedia-nl;bekerkraakbeen;cartilago aritenoide;ia;;;;;
esqueletico;Atlas (C1);Atlas (C1);Atlas (C1);atlas;wikipedia-nl;atlas (C1);atlas (C1);ia;;;;;
esqueletico;Axis (C2);Axis (C2);Axis (C2);axis;wikipedia-nl;draaier (C2);axis (C2);ia;;;;;
esqueletico;Body of sternum;Cuerpo del esternón;Corpus sterni;lichaam van het borstbeen;ia;;curpa di esternon;ia;;;;;
esqueletico;Calcaneus;Calcáneo;Calcaneus;hielbeen;wikipedia-nl;;wesu di hilchi;ia;;;;;
esqueletico;Capitate bone;Hueso capitado;Os capitatum;os capitatum;wikipedia-nl;;wesu capitato;ia;;;;;
esqueletico;Clavicle;Clavícula;Clavicula;sleutelbeen;wikipedia-nl;;clavicula;ia;;;;;
esqueletico;Coccyx;Cóccix;Os coccygis;stuit;wikipedia-nl;staartbeen;coccix;ia;;;;;
esqueletico;Corniculate cartilage;Cartílago corniculado;Cartilago corniculata;cartilago corniculata;ia;;cartilago corniculado;ia;;;;;
esqueletico;Costal cartilage of eighth rib;Cartílago costal de la octava costilla;Cartilago costae octavae costae;ribkraakbeen van de achtste rib;ia;;cartilago costal di e di ocho repchi;ia;;;;;
esqueletico;Costal cartilage of fifth rib;Cartílago costal de la quinta costilla;Cartilago costae quinti costae;ribkraakbeen van de vijfde rib;ia;;cartilago costal di e di cinco repchi;ia;;;;;
esqueletico;Costal cartilage of first rib;Cartílago costal de la primera costilla;Cartilago costae primae costae;ribkraakbeen van de eerste rib;ia;;cartilago costal di e prome repchi;ia;;;;;
esqueletico;Costal cartilage of fourth rib;Cartílago costal de la cuarta costilla;Cartilago costae quarti costae;ribkraakbeen van de vierde rib;ia;;cartilago costal di e di cuater repchi;ia;;;;;
esqueletico;Costal cartilage of ninth rib;Cartílago costal de la novena costilla;Costa cartilago nonae costae;ribkraakbeen van de negende rib;ia;;cartilago costal di e di nuebe repchi;ia;;;;;
esqueletico;Costal cartilage of second rib;Cartílago costal de la segunda costilla;Cartilago costae secundae costae;ribkraakbeen van de tweede rib;ia;;cartilago costal di e di dos repchi;ia;;;;;
esqueletico;Costal cartilage of seventh rib;Cartílago costal de la séptima costilla;Cartilago costae septimi costae;ribkraakbeen van de zevende rib;ia;;cartilago costal di e di shete repchi;ia;;;;;
esqueletico;Costal cartilage of sixth rib;Cartílago costal de la sexta costilla;Cartilago costae sextae costae;ribkraakbeen van de zesde rib;ia;;cartilago costal di e di seis repchi;ia;;;;;
esqueletico;Costal cartilage of tenth rib;Cartílago costal de la décima costilla;Cartilago costae decimae costae;ribkraakbeen van de tiende rib;ia;;cartilago costal di e di dies repchi;ia;;;;;
esqueletico;Costal cartilage of third rib;Cartílago costal de la tercera costilla;Cartilago costae tertiae costae;ribkraakbeen van de derde rib;ia;;cartilago costal di e di tres repchi;ia;;;;;
esqueletico;Cricoid cartilage;Cartílago cricoides;Cartilago cricoidea;ringkraakbeen;wikipedia-nl;;cartilago cricoide;ia;;;;;
esqueletico;Cuboid bone;Hueso cuboide;Os cuboideum;os cuboideum;wikipedia-nl;;wesu cuboide;ia;;;;;
esqueletico;Distal phalanx of fifth finger of foot;Falange distal del quinto dedo del pie;Phalanx distalis quintum digitorum pedis;eindkootje van de vijfde teen;ia;falanx;falange distal di e di cinco dede di pia;ia;;;;;
esqueletico;Distal phalanx of fifth finger of hand;Falange distal del quinto dedo de la mano;Phalanx distalis quintum digitorum manus;eindkootje van de vijfde vinger;ia;falanx;falange distal di e di cinco dede di man;ia;;;;;
esqueletico;Distal phalanx of first finger of foot;Falange distal del primer dedo del pie;Phalanx distalis primum digitorum pedis;eindkootje van de eerste teen;ia;falanx;falange distal di e prome dede di pia;ia;;;;;
esqueletico;Distal phalanx of first finger of hand;Falange distal del primer dedo de la mano;Phalanx distalis primum digitorum manus;eindkootje van de eerste vinger;ia;falanx;falange distal di e prome dede di man;ia;;;;;
esqueletico;Distal phalanx of fourth finger of foot;Falange distal del cuarto dedo del pie;Phalanx distalis quartum digitorum pedis;eindkootje van de vierde teen;ia;falanx;falange distal di e di cuater dede di pia;ia;;;;;
esqueletico;Distal phalanx of fourth finger of hand;Falange distal del cuarto dedo de la mano;Phalanx distalis quartum digitorum manus;eindkootje van de vierde vinger;ia;falanx;falange distal di e di cuater dede di man;ia;;;;;
esqueletico;Distal phalanx of second finger of foot;Falange distal del segundo dedo del pie;Phalanx distalis secundum digitorum pedis;eindkootje van de tweede teen;ia;falanx;falange distal di e di dos dede di pia;ia;;;;;
esqueletico;Distal phalanx of second finger of hand;Falange distal del segundo dedo de la mano;Phalanx distalis secundum digitorum manus;eindkootje van de tweede vinger;ia;falanx;falange distal di e di dos dede di man;ia;;;;;
esqueletico;Distal phalanx of third finger of foot;Falange distal del tercer dedo del pie;Phalanx distalis tertium digitorum pedis;eindkootje van de derde teen;ia;falanx;falange distal di e di tres dede di pia;ia;;;;;
esqueletico;Distal phalanx of third finger of hand;Falange distal del tercer dedo de la mano;Phalanx distalis tertium digitorum manus;eindkootje van de derde vinger;ia;falanx;falange distal di e di tres dede di man;ia;;;;;
esqueletico;Eighth rib;Octava costilla;Octava costa;achtste rib;ia;;di ocho repchi;ia;;;;;
esqueletico;Eleventh rib;Undécima costilla;Undecima costa;elfde rib;ia;;di diesun repchi;ia;;;;;
esqueletico;Ethmoid bone;Hueso etmoides;Os ethmoideum;zeefbeen;wikipedia-nl;;wesu etmoide;ia;;;;;
esqueletico;Femur;Hueso Fémur;Os femoris;dijbeen;wikipedia-nl;;femur;ia;;;;;
esqueletico;Fibula;Fíbula;Fibula;kuitbeen;wikipedia-nl;;fibula;ia;;;;;
esqueletico;Fifth metacarpal bone;Quinto hueso metacarpiano;Os quintum metacarpi;vijfde middenhandsbeentje;ia;middenhandsbeen;di cinco wesu metacarpiano;ia;;;;;
esqueletico;Fifth metatarsal bone;Quinto hueso metatarsiano;Os quintum metatarsi;vijfde middenvoetsbeentje;ia;middenvoetsbeen;di cinco wesu metatarsiano;ia;;;;;
esqueletico;Fifth rib;Quinta costilla;Quinta costa;vijfde rib;ia;;di cinco repchi;ia;;;;;
esqueletico;First metacarpal bone;Primer hueso metacarpiano;Os primum metarcapi;eerste middenhandsbeentje;ia;middenhandsbeen;prome wesu metacarpiano;ia;;;;;
esqueletico;First metatarsal bone;Primer hueso metatarsiano;Os primum metatarsi;eerste middenvoetsbeentje;ia;middenvoetsbeen;prome wesu metatarsiano;ia;;;;;
esqueletico;First rib;Primera costilla;Costa prima;eerste rib;ia;;prome repchi;ia;;;;;
esqueletico;Fourth metacarpal bone;Cuarto hueso metacarpiano;Os quartum metacarpi;vierde middenhandsbeentje;ia;middenhandsbeen;di cuater wesu metacarpiano;ia;;;;;
esqueletico;Fourth metatarsal bone;Cuarto hueso metatarsiano;Os quatum metatarsi;vierde middenvoetsbeentje;ia;middenvoetsbeen;di cuater wesu metatarsiano;ia;;;;;
esqueletico;Fourth rib;Cuarta costilla;Quarta costa;vierde rib;ia;;di cuater repchi;ia;;;;;
esqueletico;Frontal bone;Hueso frontal;Os frontale;voorhoofdsbeen;wikipedia-nl;;wesu frontal;ia;;;;;
esqueletico;Hamate bone;Hueso hamatal;Os hamatum;os hamatum;wikipedia-nl;;wesu hamato;ia;;;;;
esqueletico;Hip bone;Hueso coxal;Os coxae;heupbeen;ia;;wesu di cadera;ia;;;;;
esqueletico;Humerus;Húmero;Humerus;opperarmbeen;wikipedia-nl;;humero;ia;;;;;
esqueletico;Hyoid bone;Hueso hioides;Os hyoideum;tongbeen;wikipedia-nl;;wesu hioide;ia;;;;;
esqueletico;Incus;Incus;Incus;aambeeld;wikipedia-nl;;incus;ia;;;;;
esqueletico;Inferior nasal concha bone;Concha nasal inferior;Concha nasalis inferior;onderste neusschelp;wikipedia-nl;;concha nasal inferior;ia;;;;;
esqueletico;Intermediate cuneiform bone;Hueso cuneiforme intermedio;Os cuneiforme intermedium;os cuneiforme intermedium;ia;os cuneiforme;wesu cuneiforme intermedio;ia;;;;;
esqueletico;Lacrimal bone;Hueso lagrimal;Os lacrimale;traanbeen;wikipedia-nl;;wesu lagrimal;ia;;;;;
esqueletico;Lateral cuneiform bone;Hueso cuneiforme lateral;Os cuneiforme laterale;os cuneiforme laterale;ia;os cuneiforme;wesu cuneiforme lateral;ia;;;;;
esqueletico;Lateral process of nasal septal cartilage;Proceso lateral del cartílago septal nasal;Processus lateralis cartilaginis septi nasi;processus lateralis van het neustussenschotkraakbeen;ia;;proceso lateral di cartilago di septum nasal;ia;;;;;
esqueletico;Lower canine;Diente canino inferior;Dens caninus inferioris;onderste hoektand;ia;hoektand;djente canino inferior;ia;;;;;
esqueletico;Lower first molar tooth;Diente primer molar inferior;Dens molaris primus inferioris;onderste eerste molaar;ia;molaar;prome djente molar inferior;ia;;;;;
esqueletico;Lower first premolar;Diente primer premolar inferior;Dens premolaris primus inferioris;onderste eerste premolaar;ia;premolaar;prome djente premolar inferior;ia;;;;;
esqueletico;Lower lateral incisor;Diente incisivo inferolateral;Dens incisivus lateralis inferioris;onderste laterale snijtand;ia;snijtand;djente incisivo lateral inferior;ia;;;;;
esqueletico;Lower medial incisor;Diente incisivo inferomedial;Dens incisivus medialis inferioris;onderste centrale snijtand;ia;snijtand;djente incisivo medial inferior;ia;;;;;
esqueletico;Lower second molar tooth;Diente segundo molar inferior;Dens molaris secundus inferioris;onderste tweede molaar;ia;molaar;di dos djente molar inferior;ia;;;;;
esqueletico;Lower second premolar;Diente segundo premolar inferior;Dens premolaris secundus inferioris;onderste tweede premolaar;ia;premolaar;di dos djente premolar inferior;ia;;;;;
esqueletico;Lunate bone;Hueso lunado;Os lunatum;os lunatum;wikipedia-nl;;wesu lunato;ia;;;;;
esqueletico;Major alar cartilage;Cartílago alar mayor;Cartilago alaris major;cartilago alaris major;ia;;cartilago alar mayor;ia;;;;;
esqueletico;Malleus;Malleus;Malleus;hamer;wikipedia-nl;;malleus;ia;;;;;
esqueletico;Mandible;Mandíbula;Mandibula;mandibula;wikipedia-nl;onderkaak;mandibula;ia;;;;;
esqueletico;Manubrium of sternum;Manubrio del esternón;Manubrium sterni;manubrium van het borstbeen;ia;;manubrio di esternon;ia;;;;;
esqueletico;Maxilla;Hueso maxilar;Maxilla;bovenkaaksbeen;wikipedia-nl;bovenkaak;maxila;ia;;;;;
esqueletico;Medial cuneiform bone;Hueso cuneiforme medial;Os cuneiforme mediale;os cuneiforme mediale;ia;os cuneiforme;wesu cuneiforme medial;ia;;;;;
esqueletico;Middle cells of ethmoid bone;Células óseas etmoidales etmoidales medias;Cellulae mediae ossis ethmoidei;middelste cellen van het zeefbeen;ia;;celulanan medio di wesu etmoide;ia;;;;;
esqueletico;Middle phalanx of fifth finger of foot;Falange media del quinto dedo del pie;Phalanx media quintum digitorum pedis;middenkootje van de vijfde teen;ia;falanx;falange medio di e di cinco dede di pia;ia;;;;;
esqueletico;Middle phalanx of fifth finger of hand;Falange media del quinto dedo de la mano;Phalanx media quintum digitorum manus;middenkootje van de vijfde vinger;ia;falanx;falange medio di e di cinco dede di man;ia;;;;;
esqueletico;Middle phalanx of fourth finger of foot;Falange media del cuarto dedo del pie;Phalanx media quartum digitorum pedis;middenkootje van de vierde teen;ia;falanx;falange medio di e di cuater dede di pia;ia;;;;;
esqueletico;Middle phalanx of fourth finger of hand;Falange media del cuarto dedo de la mano;Phalanx media quartum digitorum manus;middenkootje van de vierde vinger;ia;falanx;falange medio di e di cuater dede di man;ia;;;;;
esqueletico;Middle phalanx of second finger of foot;Falange media del segundo dedo del pie;Phalanx media secundum digitorum pedis;middenkootje van de tweede teen;ia;falanx;falange medio di e di dos dede di pia;ia;;;;;
esqueletico;Middle phalanx of second finger of hand;Falange media del segundo dedo de la mano;Phalanx media scundum digitorum manus;middenkootje van de tweede vinger;ia;falanx;falange medio di e di dos dede di man;ia;;;;;
esqueletico;Middle phalanx of third finger of foot;Falange media del tercer dedo del pie;Phalanx media tertium digitorum pedis;middenkootje van de derde teen;ia;falanx;falange medio di e di tres dede di pia;ia;;;;;
esqueletico;Middle phalanx of third finger of hand;Falange media del tercer dedo de la mano;Phalanx media tertium digitorum manus;middenkootje van de derde vinger;ia;falanx;falange medio di e di tres dede di man;ia;;;;;
esqueletico;Nasal bone;Hueso nasal;Os nasale;neusbeen;wikipedia-nl;;wesu nasal;ia;;;;;
esqueletico;Nasal septal cartilage;Cartílago del septo nasal;Cartilago septi nasi;neustussenschotkraakbeen;ia;;cartilago di septum nasal;ia;;;;;
esqueletico;Navicular bone;Hueso navicular;Os naviculare;os naviculare;wikipedia-nl;;wesu navicular;ia;;;;;
esqueletico;Ninth rib;Novena costilla;Nona costa;negende rib;ia;;di nuebe repchi;ia;;;;;
esqueletico;Occipital bone;Hueso occipital;Os occipitale;achterhoofdsbeen;wikipedia-nl;;wesu occipital;ia;;;;;
esqueletico;Palatine bone;Hueso palatino;Os palatinum;os palatinum;wikipedia-nl;gehemeltebeen;wesu palatino;ia;;;;;
esqueletico;Parietal bone;Hueso parietal;Os parietale;wandbeen;wikipedia-nl;;wesu parietal;ia;;;;;
esqueletico;Patella;Patela;Patella;knieschijf;wikipedia-nl;;patela;ia;;;;;
esqueletico;Pisiform bone;Hueso pisiforme;Os pisiforme;os pisiforme;wikipedia-nl;;wesu pisiforme;ia;;;;;
esqueletico;Posterior cells of ethmoid bone;Células óseas etmoidales etmoidales posteriores;Cellulae posteriores ossis ethmoidei;achterste cellen van het zeefbeen;ia;;celulanan posterior di wesu etmoide;ia;;;;;
esqueletico;Proximal phalanx of fifth finger of foot;Falange proximal del quinto dedo del pie;Phalanx proximalis quintum digitorum pedis;grondkootje van de vijfde teen;ia;falanx;falange proximal di e di cinco dede di pia;ia;;;;;
esqueletico;Proximal phalanx of fifth finger of hand;Falange proximal del quinto dedo de la mano;Phalanx proximalis quintum digitorum manus;grondkootje van de vijfde vinger;ia;falanx;falange proximal di e di cinco dede di man;ia;;;;;
esqueletico;Proximal phalanx of first finger of foot;Falange proximal del primer dedo del pie;Phalanx proximalis primum digitorum pedis;grondkootje van de eerste teen;ia;falanx;falange proximal di e prome dede di pia;ia;;;;;
esqueletico;Proximal phalanx of first finger of hand;Falange proximal del primer dedo de la mano;Phalanx proximalis primum digitorum manus;grondkootje van de eerste vinger;ia;falanx;falange proximal di e prome dede di man;ia;;;;;
esqueletico;Proximal phalanx of fourth finger of foot;Falange proximal del cuarto dedo del pie;Phalanx proximalis quartum digitorum pedis;grondkootje van de vierde teen;ia;falanx;falange proximal di e di cuater dede di pia;ia;;;;;
esqueletico;Proximal phalanx of fourth finger of hand;Falange proximal del cuarto dedo de la mano;Phalanx proximalis quartum digitorum manus;grondkootje van de vierde vinger;ia;falanx;falange proximal di e di cuater dede di man;ia;;;;;
esqueletico;Proximal phalanx of second finger of foot;Falange proximal del segundo dedo del pie;Phalanx proximalis secundum digitorum pedis;grondkootje van de tweede teen;ia;falanx;falange proximal di e di dos dede di pia;ia;;;;;
esqueletico;Proximal phalanx of second finger of hand;Falange proximal del segundo dedo de la mano;Phalanx proximalis secundum digitorum manus;grondkootje van de tweede vinger;ia;falanx;falange proximal di e di dos dede di man;ia;;;;;
esqueletico;Proximal phalanx of third finger of foot;Falange proximal del tercer dedo del pie;Phalanx proximalis tertium digitorum pedis;grondkootje van de derde teen;ia;falanx;falange proximal di e di tres dede di pia;ia;;;;;
esqueletico;Proximal phalanx of third finger of hand;Falange proximal del tercer dedo de la mano;Phalanx proximalis tertium digitorum manus;grondkootje van de derde vinger;ia;falanx;falange proximal di e di tres dede di man;ia;;;;;
esqueletico;Radius;Radio;Radius;spaakbeen;wikipedia-nl;;radio;ia;;;;;
esqueletico;Sacrum;Hueso sacro;Os sacrum;heiligbeen;wikipedia-nl;;wesu sacro;ia;;;;;
esqueletico;Scaphoid bone;Hueso escafoides;Os scaphoideum;os scaphoideum;wikipedia-nl;;wesu escafoide;ia;;;;;
esqueletico;Scapula;Escápula;Scapula;schouderblad;wikipedia-nl;;escapula;ia;;;;;
esqueletico;Second metacarpal bone;Segundo hueso metacarpiano;Os secundum metacarpi;tweede middenhandsbeentje;ia;middenhandsbeen;di dos wesu metacarpiano;ia;;;;;
esqueletico;Second metatarsal bone;Segundo hueso metatarsiano;Os secundum metatarsi;tweede middenvoetsbeentje;ia;middenvoetsbeen;di dos wesu metatarsiano;ia;;;;;
esqueletico;Second rib;Segunda costilla;Costa secunda;tweede rib;ia;;di dos repchi;ia;;;;;
esqueletico;Sesamoid bones of foot;Huesos sesamoideos del pie;Ossa sesamoidea pedis;sesambeentjes van de voet;ia;sesambeen;wesunan sesamoide di pia;ia;;;;;
esqueletico;Seventh rib;Séptima costilla;Septima costa;zevende rib;ia;;di shete repchi;ia;;;;;
esqueletico;Sinus of frontal bone;Seno del hueso frontal;Sinus ossis frontalis;voorhoofdsholte;wikipedia-nl;;seno di wesu frontal;ia;;;;;
esqueletico;Sinus of sphenoid bone;Seno del hueso esfenoidal;Sinus ossis sphenoidei;wiggebeensholte;ia;;seno di wesu esfenoide;ia;;;;;
esqueletico;Sixth rib;Sexta costilla;Sexta costa;zesde rib;ia;;di seis repchi;ia;;;;;
esqueletico;Sphenoid bone;Hueso esfenoide;Os sphenoideum;wiggenbeen;wikipedia-nl;wiggebeen;wesu esfenoide;ia;;;;;
esqueletico;Stapes;Estapedio;Stapes;stijgbeugel;ia;;estribo;ia;;;;;
esqueletico;Talus;Hueso Talo;Os tali;sprongbeen;wikipedia-nl;;talo;ia;;;;;
esqueletico;Temporal bone;Hueso temporal;Os temporale;slaapbeen;wikipedia-nl;;wesu temporal;ia;;;;;
esqueletico;Tenth rib;Décima costilla;Decima costa;tiende rib;ia;;di dies repchi;ia;;;;;
esqueletico;Third metacarpal bone;Tercer hueso metacarpiano;Os tertium metacarpi;derde middenhandsbeentje;ia;middenhandsbeen;di tres wesu metacarpiano;ia;;;;;
esqueletico;Third metatarsal bone;Tercer hueso metatarsiano;Os tertium metatarsi;derde middenvoetsbeentje;ia;middenvoetsbeen;di tres wesu metatarsiano;ia;;;;;
esqueletico;Third rib;Tercera costilla;Tertia costa;derde rib;ia;;di tres repchi;ia;;;;;
esqueletico;Thyroid cartilage;Cartílago tiroideo;Cartilago thyreoidea;schildkraakbeen;wikipedia-nl;;cartilago tiroide;ia;;;;;
esqueletico;Tibia;Tibia;Tibia;scheenbeen;wikipedia-nl;;tibia;ia;;;;;
esqueletico;Trapezium bone;Hueso trapecio;Os trapezium;os trapezium;ia;;wesu trapecio;ia;;;;;
esqueletico;Trapezoid bone;Hueso trapezoide;Os trapezoideum;os trapezoideum;wikipedia-nl;;wesu trapezoide;ia;;;;;
esqueletico;Triquetrum bone;Hueso triquetral;Os triquetrum;os triquetrum;ia;os triquetrum;wesu triquetro;ia;;;;;
esqueletico;Twelfth rib;Duodécima costilla;Duodecima costa;twaalfde rib;ia;;di diesdos repchi;ia;;;;;
esqueletico;Ulna;Ulna;Ulna;ellepijp;wikipedia-nl;;ulna;ia;;;;;
esqueletico;Upper canine;Diente canino superior;Dens caninus superioris;bovenste hoektand;ia;hoektand;djente canino superior;ia;;;;;
esqueletico;Upper first molar tooth;Diente primer molar superior;Dens molaris primus suprioris;bovenste eerste molaar;ia;molaar;prome djente molar superior;ia;;;;;
esqueletico;Upper first premolar;Diente primer premolar superior;Dens premolaris primus superioris;bovenste eerste premolaar;ia;premolaar;prome djente premolar superior;ia;;;;;
esqueletico;Upper lateral incisor;Diente incisivo superolateral;Dens incisivus lateralis superioris;bovenste laterale snijtand;ia;snijtand;djente incisivo lateral superior;ia;;;;;
esqueletico;Upper medial incisor;Diente incisivo superomedial;Dens incisivus medialis superioris;bovenste centrale snijtand;ia;snijtand;djente incisivo medial superior;ia;;;;;
esqueletico;Upper second molar tooth;Diente segundo molar superior;Dens molaris secundus superioris;bovenste tweede molaar;ia;molaar;di dos djente molar superior;ia;;;;;
esqueletico;Upper second premolar;Diente segundo premolar superior;Dens premolaris secundus superioris;bovenste tweede premolaar;ia;premolaar;di dos djente premolar superior;ia;;;;;
esqueletico;Vertebra C3;Vértebra C3;Vertebra cervicalis III;halswervel C3;ia;halswervel;vertebra cervical C3;ia;;;;;
esqueletico;Vertebra C4;Vértebra C4;Vertebra cervicalis IV;halswervel C4;ia;halswervel;vertebra cervical C4;ia;;;;;
esqueletico;Vertebra C5;Vértebra C5;Vertebra cervicalis V;halswervel C5;ia;halswervel;vertebra cervical C5;ia;;;;;
esqueletico;Vertebra C6;Vértebra C6;Vertebra cervicalis VI;halswervel C6;ia;halswervel;vertebra cervical C6;ia;;;;;
esqueletico;Vertebra C7;Vértebra C7;Vertebra cervicalis VII;halswervel C7;ia;halswervel;vertebra cervical C7;ia;;;;;
esqueletico;Vertebra L1;Vértebra L1;Vertebra lumborum I;lendenwervel L1;ia;lendenwervel;vertebra lumbar L1;ia;;;;;
esqueletico;Vertebra L2;Vértebra L2;Vertebra lumborum II;lendenwervel L2;ia;lendenwervel;vertebra lumbar L2;ia;;;;;
esqueletico;Vertebra L3;Vértebra L3;Vertebra lumborum III;lendenwervel L3;ia;lendenwervel;vertebra lumbar L3;ia;;;;;
esqueletico;Vertebra L4;Vértebra L4;Vertebra lumborum IV;lendenwervel L4;ia;lendenwervel;vertebra lumbar L4;ia;;;;;
esqueletico;Vertebra L5;Vértebra L5;Vertebra lumborum V;lendenwervel L5;ia;lendenwervel;vertebra lumbar L5;ia;;;;;
esqueletico;Vertebra T1;Vértebra T1;Vertebra thoracis I;borstwervel T1;ia;borstwervel;vertebra toracico T1;ia;;;;;
esqueletico;Vertebra T10;Vértebra T10;Vertebra thoracis X;borstwervel T10;ia;borstwervel;vertebra toracico T10;ia;;;;;
esqueletico;Vertebra T11;Vértebra T11;Vertebra thoracis XI;borstwervel T11;ia;borstwervel;vertebra toracico T11;ia;;;;;
esqueletico;Vertebra T12;Vértebra T12;Vertebra thoracis XII;borstwervel T12;ia;borstwervel;vertebra toracico T12;ia;;;;;
esqueletico;Vertebra T2;Vértebra T2;Vertebra thoracis II;borstwervel T2;ia;borstwervel;vertebra toracico T2;ia;;;;;
esqueletico;Vertebra T3;Vértebra T3;Vertebra thoracis III;borstwervel T3;ia;borstwervel;vertebra toracico T3;ia;;;;;
esqueletico;Vertebra T4;Vértebra T4;Vertebra thoracis IV;borstwervel T4;ia;borstwervel;vertebra toracico T4;ia;;;;;
esqueletico;Vertebra T5;Vértebra T5;Vertebra thoracis V;borstwervel T5;ia;borstwervel;vertebra toracico T5;ia;;;;;
esqueletico;Vertebra T6;Vértebra T6;Vertebra thoracis VI;borstwervel T6;ia;borstwervel;vertebra toracico T6;ia;;;;;
esqueletico;Vertebra T7;Vértebra T7;Vertebra thoracis VII;borstwervel T7;ia;borstwervel;vertebra toracico T7;ia;;;;;
esqueletico;Vertebra T8;Vértebra T8;Vertebra thoracis VIII;borstwervel T8;ia;borstwervel;vertebra toracico T8;ia;;;;;
esqueletico;Vertebra T9;Vértebra T9;Vertebra thoracis IX;borstwervel T9;ia;borstwervel;vertebra toracico T9;ia;;;;;
esqueletico;Vomer;Vómer;Vomer;ploegschaarbeen;wikipedia-nl;;vomer;ia;;;;;
esqueletico;Xiphoid process;Proceso xifoides;Processus xiphoideus;zwaardvormig uitsteeksel;ia;;proceso xifoide;ia;;;;;
esqueletico;Zygomatic bone;Hueso cigomático;Os zygomaticum;jukbeen;wikipedia-nl;;wesu cigomatico;ia;;;;;
linfoide;(Anterior tibial node);(Nodo tibial anterior);(Nodus tibialis anterior);(voorste tibiale lymfeklier);ia;;(nodo linfatico tibial anterior);ia;;;;;
linfoide;(Fibular node);(Nodo fibular);(Nodus fibularis);(fibulaire lymfeklier);ia;;(nodo linfatico fibular);ia;;;;;
linfoide;(Intermediate deep inguinal node);(Nodo inguinal profundo intermedio);(Nodus inguinalis profundus intermedius);(intermediaire diepe inguinale lymfeklier);ia;;(nodo linfatico inguinal profundo intermedio);ia;;;;;
linfoide;(Intermediate lacunar node);(Nodo lacunar intermedio);(Nodus lacunaris intermedius);(intermediaire lacunaire lymfeklier);ia;;(nodo linfatico lacunar intermedio);ia;;;;;
linfoide;(Lateral lacunar node);(Nodo lacunar lateral);(Nodus lacunaris lateralis);(laterale lacunaire lymfeklier);ia;;(nodo linfatico lacunar lateral);ia;;;;;
linfoide;(Medial lacunar node);(Nodo lacunar medial);(Nodus lacunaris medialis);(mediale lacunaire lymfeklier);ia;;(nodo linfatico lacunar medial);ia;;;;;
linfoide;(Posterior tibial node);(Nodo tibial posterior);(Nodus tibialis posterior);(achterste tibiale lymfeklier);ia;;(nodo linfatico tibial posterior);ia;;;;;
linfoide;(Proximal deep inguinal node);(Nodo inguinal profundo proximal);(Nodus inguinalis profundus proximalis);(proximale diepe inguinale lymfeklier);ia;;(nodo linfatico inguinal profundo proximal);ia;;;;;
linfoide;(Retropyloric nodes);(Nodos retropilóricos);(Nodi retropylorici);(retropylorische lymfeklieren);ia;;(nodonan linfatico retropilorico);ia;;;;;
linfoide;(Subpyloric nodes);(Nodos subpilóricos);(Nodi subpylorici);(subpylorische lymfeklieren);ia;;(nodonan linfatico subpilorico);ia;;;;;
linfoide;(Suprapyloric node);(Nodo suprapilórico);(Nodus suprapyloricus);(suprapylorische lymfeklier);ia;;(nodo linfatico suprapilorico);ia;;;;;
linfoide;Anterior axillary nodes;Nodos axilares anteriores;Nodi axillares anteriores nodi pectorales;voorste axillaire lymfeklieren;ia;;nodonan linfatico axilar anterior;ia;;;;;
linfoide;Anterior inferior jugular nodes;Nodos yugulares antero-inferiores;Nodi jugulares inferiores anteriores;voorste onderste jugulaire lymfeklieren;ia;;nodonan linfatico yugular anterior inferior;ia;;;;;
linfoide;Apical axillary nodes;Nodos axilares apicales;Nodi axillares apicales;apicale axillaire lymfeklieren;ia;;nodonan linfatico axilar apical;ia;;;;;
linfoide;Appendicular nodes;Nodos apendiculares;Nodi appendiculares;appendiculaire lymfeklieren;ia;;nodonan linfatico apendicular;ia;;;;;
linfoide;Brachial nodes;Nodos braquiales;Nodi brachiales;brachiale lymfeklieren;ia;;nodonan linfatico braquial;ia;;;;;
linfoide;Brachiocephalic nodes;Nodos braquiocefálicos;Nodi brachiocephalici;brachiocefale lymfeklieren;ia;;nodonan linfatico braquiocefalico;ia;;;;;
linfoide;Bucinator node;Nodo bucinador;Nodus bucinatorius;buccinatorlymfeklier;ia;;nodo linfatico bucinador;ia;;;;;
linfoide;Central axillary nodes;Nodos axilares centrales;Nodi axillares centrales;centrale axillaire lymfeklieren;ia;;nodonan linfatico axilar central;ia;;;;;
linfoide;Central superior mesenteric nodes;Nodos mesentéricos superiores centrales;Nodi mesenterici superiores centrales;centrale bovenste mesenteriale lymfeklieren;ia;;nodonan linfatico mesenterico superior central;ia;;;;;
linfoide;Coeliac nodes;Nodos celiacos;Nodi coeliaci;coeliacale lymfeklieren;ia;;nodonan linfatico celiaco;ia;;;;;
linfoide;Cubital nodes;Nodos cubitales;Nodi cubitales;cubitale lymfeklieren;ia;;nodonan linfatico cubital;ia;;;;;
linfoide;Cystic node;Nodo quístico;Nodus cysticus;cystische lymfeklier;ia;;nodo linfatico cistico;ia;;;;;
linfoide;Deep popliteal nodes;Nodos poplíteos profundos;Nodi poplitei profundi;diepe popliteale lymfeklieren;ia;;nodonan linfatico popliteo profundo;ia;;;;;
linfoide;Ileocolic nodes;Nodos ileocólicos;Nodi ileocolici;ileocolische lymfeklieren;ia;;nodonan linfatico ileocolico;ia;;;;;
linfoide;Inferior deep lateral cervical nodes;Nodos cervicales laterales inferiores profundos;Nodi cervicales latérales profundi inferiores;onderste diepe laterale halslymfeklieren;ia;;nodonan linfatico cervical lateral profundo inferior;ia;;;;;
linfoide;Inferior diaphragmatic nodes;Nodos diafragmáticos inferiores;Nodi phrenici inferiores;onderste diafragmatische lymfeklieren;ia;;nodonan linfatico diafragmatico inferior;ia;;;;;
linfoide;Inferior epigastric nodes;Nodos epigástricos inferiores;Nodi epigastrici inferiores;onderste epigastrische lymfeklieren;ia;;nodonan linfatico epigastrico inferior;ia;;;;;
linfoide;Inferior gluteal nodes;Nodos glúteos inferiores;Nodi glutei inferiores;onderste gluteale lymfeklieren;ia;;nodonan linfatico gluteo inferior;ia;;;;;
linfoide;Inferior pancreatic nodes;Nodos pancreáticos inferiores;Nodi pancreatici inferiores;onderste pancreatische lymfeklieren;ia;;nodonan linfatico pancreatico inferior;ia;;;;;
linfoide;Inferior superficial inguinal nodes;Nodos inguinales superficiales inferiores;Nodi inguinales superficiales inferiores;onderste oppervlakkige inguinale lymfeklieren;ia;;nodonan linfatico inguinal superficial inferior;ia;;;;;
linfoide;Inferior tracheobronchial nodes;Nodos traqueobronquiales inferiores;Nodi tracheobronchiales inferiores;onderste tracheobronchiale lymfeklieren;ia;;nodonan linfatico traqueobronquial inferior;ia;;;;;
linfoide;Infra-auricular nodes;Nodos infra-auriculares;Nodi infraauriculares;infra-auriculaire lymfeklieren;ia;;nodonan linfatico infra-auricular;ia;;;;;
linfoide;Infraclavicular nodes;Nodos infraclaviculares;Nodi infraclaviculares nodi deltopectorales;infraclaviculaire lymfeklieren;ia;;nodonan linfatico infraclavicular;ia;;;;;
linfoide;Intercostal nodes;Nodos intercostales;Nodi intercostales;intercostale lymfeklieren;ia;;nodonan linfatico intercostal;ia;;;;;
linfoide;Intermediate common iliac nodes;Nodos ilíacos comunes intermedios;Nodi iliaci communes intermedii;intermediaire gemeenschappelijke iliacale lymfeklieren;ia;;nodonan linfatico iliaco comun intermedio;ia;;;;;
linfoide;Intermediate external iliac nodes;Nodos ilíacos externos intermedios;Nodi iliaci externi intermedii;intermediaire externe iliacale lymfeklieren;ia;;nodonan linfatico iliaco externo intermedio;ia;;;;;
linfoide;Intermediate lumbar nodes;Nodos lumbares intermedios;Nodi lumbales intermedii;intermediaire lumbale lymfeklieren;ia;;nodonan linfatico lumbar intermedio;ia;;;;;
linfoide;Interpectoral nodes;Nodos interpectorales;Nodi interpectorales;interpectorale lymfeklieren;ia;;nodonan linfatico interpectoral;ia;;;;;
linfoide;Intraglandular parotid nodes;Nodos parótidos intraglandulares;Nodi parotidei intraglandulares;intraglandulaire parotislymfeklieren;ia;;nodonan linfatico parotideo intraglandular;ia;;;;;
linfoide;Intrapulmonary nodes;Nodos intrapulmonares;Nodi intrapulmonales;intrapulmonale lymfeklieren;ia;;nodonan linfatico intrapulmonar;ia;;;;;
linfoide;Jugulodigastric node;Nodo yugulodigástrico;Nodus jugulodigastricus;jugulodigastrische lymfeklier;ia;;nodo linfatico yugulodigastrico;ia;;;;;
linfoide;Juxta-intestinal mesenteric nodes;Nodos mesentéricos yuxta-intestinales;Nodi juxtaintestinales;juxta-intestinale mesenteriale lymfeklieren;ia;;nodonan linfatico mesenterico yuxtaintestinal;ia;;;;;
linfoide;Juxta-oesophageal nodes;Nodos yuxta-esofágicos;Nodi juxtaoesophagei;juxta-oesofageale lymfeklieren;ia;;nodonan linfatico yuxtaesofagico;ia;;;;;
linfoide;Lateral aortic nodes;Nodos aórticos laterales;Nodi aortici latérales;laterale aortale lymfeklieren;ia;;nodonan linfatico aortico lateral;ia;;;;;
linfoide;Lateral axillary nodes;Nodos axilares laterales;Nodi axillares latérales nodi humerales;laterale axillaire lymfeklieren;ia;;nodonan linfatico axilar lateral;ia;;;;;
linfoide;Lateral caval nodes;Nodos cavales laterales;Nodi cavales latérales;laterale cavale lymfeklieren;ia;;nodonan linfatico caval lateral;ia;;;;;
linfoide;Lateral common iliac nodes;Nodos ilíacos comunes laterales;Nodi iliaci communes latérales;laterale gemeenschappelijke iliacale lymfeklieren;ia;;nodonan linfatico iliaco comun lateral;ia;;;;;
linfoide;Lateral pericardial nodes;Nodos pericárdicos laterales;Nodi pericardiaci latérales;laterale pericardiale lymfeklieren;ia;;nodonan linfatico pericardico lateral;ia;;;;;
linfoide;Lateral sacral nodes;Nodos sacros laterales;Nodi sacrales latérales;laterale sacrale lymfeklieren;ia;;nodonan linfatico sacral lateral;ia;;;;;
linfoide;Lateral superior jugular node;Nodo yugular superolateral;Nodus jugularis superior lateralis;laterale bovenste jugulaire lymfeklier;ia;;nodo linfatico yugular superior lateral;ia;;;;;
linfoide;Lateral vesical nodes;Nodos vesicales laterales;Nodi vesicales latérales;laterale vesicale lymfeklieren;ia;;nodonan linfatico vesical lateral;ia;;;;;
linfoide;Left colic nodes;Nodos cólicos izquierdos;Nodi colici sinistri;linker colische lymfeklieren;ia;;nodonan linfatico colico robez;ia;;;;;
linfoide;Left lobe of thymus;Lóbulo izquierdo del timo;Lobus thymi sinistri;linkerkwab van de thymus;ia;;lobulo robez di timo;ia;;;;;
linfoide;Mandibular node;Nodo mandibular;Nodus mandibularis;mandibulaire lymfeklier;ia;;nodo linfatico mandibular;ia;;;;;
linfoide;Mastoid nodes;Nodos mastoideos;Nodi mastoidei;mastoïdale lymfeklieren;ia;;nodonan linfatico mastoideo;ia;;;;;
linfoide;Medial common iliac nodes;Nodos ilíacos comunes mediales;Nodi iliaci communes mediales;mediale gemeenschappelijke iliacale lymfeklieren;ia;;nodonan linfatico iliaco comun medial;ia;;;;;
linfoide;Medial external iliac nodes;Nodos iliacos externos mediales;Nodi iliaci externi mediales;mediale externe iliacale lymfeklieren;ia;;nodonan linfatico iliaco externo medial;ia;;;;;
linfoide;Median sacral nodes;Nodos sacros medianos;Nodi sacrales mediani;mediane sacrale lymfeklieren;ia;;nodonan linfatico sacral mediano;ia;;;;;
linfoide;Middle colic nodes;Nodos cólicos medios;Nodi colici medii;middelste colische lymfeklieren;ia;;nodonan linfatico colico medio;ia;;;;;
linfoide;Nasolabial node;Nodo nasolabial;Nodus nasolabialis;nasolabiale lymfeklier;ia;;nodo linfatico nasolabial;ia;;;;;
linfoide;Node of arch of azygos vein;;;lymfeklier van de boog van de vena azygos;ia;;nodo linfatico di arco di vena azigos;ia;;;;;
linfoide;Node of ligamentum arteriosum;;;lymfeklier van het ligamentum arteriosum;ia;;nodo linfatico di ligamento arterioso;ia;;;;;
linfoide;Obturator nodes;Nodos obturadores;Nodi obturatorii;obturatorlymfeklieren;ia;;nodonan linfatico obturador;ia;;;;;
linfoide;Occipital nodes;Nodos occipitales;Nodi occipitales;occipitale lymfeklieren;ia;;nodonan linfatico occipital;ia;;;;;
linfoide;Palatine tonsil;Tonsila palatina;Tonsilla palatina;keelamandel;ia;;amandel palatino;ia;;;;;
linfoide;Paracolic superior mesenteric nodes;Nodos mesentéricos superiores paracólicos;Nodi mesenterici superiores paracolici;paracolische bovenste mesenteriale lymfeklieren;ia;;nodonan linfatico mesenterico superior paracolico;ia;;;;;
linfoide;Pararectal nodes;Nodos anorrectales;Nodi pararectales;pararectale lymfeklieren;ia;;nodonan linfatico pararectal;ia;;;;;
linfoide;Parasternal nodes;Nodos para-esternales;Nodi parasternales;parasternale lymfeklieren;ia;;nodonan linfatico paraesternal;ia;;;;;
linfoide;Paratracheal cervical nodes;Nodos cervicales paratraqueales;Nodi paratrachéales colli;paratracheale halslymfeklieren;ia;;nodonan linfatico cervical paratraqueal;ia;;;;;
linfoide;Paratracheal thoracic nodes;Nodos torácicos paratraqueales;Nodi paratracheales thoracis;paratracheale thoracale lymfeklieren;ia;;nodonan linfatico toracico paratraqueal;ia;;;;;
linfoide;Posterior axillary nodes;Nodos axilares posteriores;Nodi axillares posteriores nodi subscapulares;achterste axillaire lymfeklieren;ia;;nodonan linfatico axilar posterior;ia;;;;;
linfoide;Postvesical nodes;Nodos retrovesicales;Nodi postvesicales;postvesicale lymfeklieren;ia;;nodonan linfatico postvesical;ia;;;;;
linfoide;Pre-aortic nodes;Nodi prae-aortici;Nodi preaortici;pre-aortale lymfeklieren;ia;;nodonan linfatico preaortico;ia;;;;;
linfoide;Pre-auricular nodes;Nodos pre-auriculares;Nodi preauriculares;pre-auriculaire lymfeklieren;ia;;nodonan linfatico preauricular;ia;;;;;
linfoide;Precaecal nodes;Nodos praecaecales;Nodi precaecales;precaecale lymfeklieren;ia;;nodonan linfatico prececal;ia;;;;;
linfoide;Precaval nodes;Nodos praecavales;Nodi precavales;precavale lymfeklieren;ia;;nodonan linfatico precaval;ia;;;;;
linfoide;Prepericardial nodes;Nodos prepericadiacos;Nodi prepericadiaci;prepericardiale lymfeklieren;ia;;nodonan linfatico prepericardico;ia;;;;;
linfoide;Pretracheal nodes;Nodos pretraqueales;Nodi pretracheales;pretracheale lymfeklieren;ia;;nodonan linfatico pretraqueal;ia;;;;;
linfoide;Prevertebral nodes;Nodos prevertebrales;Nodi prevertebrales;prevertebrale lymfeklieren;ia;;nodonan linfatico prevertebral;ia;;;;;
linfoide;Prevesical nodes;Nodos praevesicales;Nodi prevesicales;prevesicale lymfeklieren;ia;;nodonan linfatico prevesical;ia;;;;;
linfoide;Retro-aortic nodes;Nodi postaortici;Nodi retroaortici;retro-aortale lymfeklieren;ia;;nodonan linfatico retroaortico;ia;;;;;
linfoide;Retrocaecal nodes;Nodos retrocecales;Nodi retrocaecales;retrocaecale lymfeklieren;ia;;nodonan linfatico retrocecal;ia;;;;;
linfoide;Retrocaval nodes;Nodos postcavales;Nodi retrocavales;retrocavale lymfeklieren;ia;;nodonan linfatico retrocaval;ia;;;;;
linfoide;Retropharyngeal nodes;Nodos retrofaríngeos;Nodi retropharyngei;retrofaryngeale lymfeklieren;ia;;nodonan linfatico retrofaringeo;ia;;;;;
linfoide;Right colic nodes;Nodos cólicos derechos;Nodi colici dextri;rechter colische lymfeklieren;ia;;nodonan linfatico colico drechi;ia;;;;;
linfoide;Right gastric nodes;Nodos gástricos derechos;Nodi gastrici dextri caudales;rechter gastrische lymfeklieren;ia;;nodonan linfatico gastrico drechi;ia;;;;;
linfoide;Right gastro-omental nodes;Nodos gastro-omentales derechos;Nodi gastroomentales dextri;rechter gastro-omentale lymfeklieren;ia;;nodonan linfatico gastro-omental drechi;ia;;;;;
linfoide;Right lobe of thymus;Lóbulo derecho del timo;Lobus thymi dextri;rechterkwab van de thymus;ia;;lobulo drechi di timo;ia;;;;;
linfoide;Sigmoid nodes;Nodos sigmoides;Nodi sigmoidei;sigmoïdale lymfeklieren;ia;;nodonan linfatico sigmoideo;ia;;;;;
linfoide;Spleen;Bazo;Lien;milt;wikipedia-nl;;bazo;ia;;;;;
linfoide;Splenic nodes;Nodos lienales;Nodi splenici;splenische lymfeklieren;ia;;nodonan linfatico esplenico;ia;;;;;
linfoide;Subaortic nodes;Nodos subaórticos;Nodi subaortici;subaortale lymfeklieren;ia;;nodonan linfatico subaortico;ia;;;;;
linfoide;Submandibular nodes;Nodos submandibulares;Nodi submandibulares;submandibulaire lymfeklieren;ia;;nodonan linfatico submandibular;ia;;;;;
linfoide;Submental nodes;Nodos submentonianos;Nodi submentales;submentale lymfeklieren;ia;;nodonan linfatico submental;ia;;;;;
linfoide;Superficial anterior cervical nodes;Nodos cervicales anteriores superficiales;Nodi cervicales anteriores superficiales;oppervlakkige voorste halslymfeklieren;ia;;nodonan linfatico cervical anterior superficial;ia;;;;;
linfoide;Superficial lateral cervical nodes;Nodos cervicales laterales superficiales;Nodi cervicales latérales superficiales;oppervlakkige laterale halslymfeklieren;ia;;nodonan linfatico cervical lateral superficial;ia;;;;;
linfoide;Superficial parotid nodes;Nodos parótidos superficiales;Nodi parotidei superficiales;oppervlakkige parotislymfeklieren;ia;;nodonan linfatico parotideo superficial;ia;;;;;
linfoide;Superficial popliteal nodes;Nodos poplíteos superficiales;Nodi poplitei superficiales;oppervlakkige popliteale lymfeklieren;ia;;nodonan linfatico popliteo superficial;ia;;;;;
linfoide;Superior diaphragmatic nodes;Nodos diafragmáticos superiores;Nodi phrenici superiores;bovenste diafragmatische lymfeklieren;ia;;nodonan linfatico diafragmatico superior;ia;;;;;
linfoide;Superior gluteal nodes;Nodos glúteos superiores;Nodi glutei superiores;bovenste gluteale lymfeklieren;ia;;nodonan linfatico gluteo superior;ia;;;;;
linfoide;Superior pancreatic nodes;Nodos pancreáticos superiores;Nodi pancreatici superiores;bovenste pancreatische lymfeklieren;ia;;nodonan linfatico pancreatico superior;ia;;;;;
linfoide;Superior pancreaticoduodenal nodes;Nodos pancreatoduodenales superiores;Nodi pancreaticoduodenales superiores;bovenste pancreaticoduodenale lymfeklieren;ia;;nodonan linfatico pancreatoduodenal superior;ia;;;;;
linfoide;Superior tracheobronchial nodes;Nodos traqueobronquiales superiores;Nodi tracheobronchiales superiores;bovenste tracheobronchiale lymfeklieren;ia;;nodonan linfatico traqueobronquial superior;ia;;;;;
linfoide;Superolateral superficial inguinal nodes;Nodos inguinales superficiales superlaterales;Nodi inguinales superficiales superolaterales;superolaterale oppervlakkige inguinale lymfeklieren;ia;;nodonan linfatico inguinal superficial superolateral;ia;;;;;
linfoide;Superomedial superficial inguinal nodes;Nodos inguinales superficiales superomediales;Nodi inguinales superficiales superomediales;superomediale oppervlakkige inguinale lymfeklieren;ia;;nodonan linfatico inguinal superficial superomedial;ia;;;;;
linfoide;Supraclavicular nodes;Nodos supraclaviculares;Nodi supraclaviculares;supraclaviculaire lymfeklieren;ia;;nodonan linfatico supraclavicular;ia;;;;;
linfoide;Supratrochlear nodes;Nodos supratrocleares;Nodi supratrochleares;supratrochleaire lymfeklieren;ia;;nodonan linfatico supratroclear;ia;;;;;
linfoide;Thyroid nodes;Nodos tiroideos;Nodi thyreoidei;lymfeklieren van de schildklier;ia;;nodonan linfatico tiroideo;ia;;;;;
muscular;(Abdominal part of pectoralis major muscle);(Porción abdominal del músculo pectoral mayor);(Pars abdominalis musculi pectoralis majoris);(abdominale deel van de grote borstspier);ia;musculus pectoralis major;(parti abdominal di musculo pectoral mayor);ia;;;;;
muscular;(Adductor minimus);(Aductor mínimo);(Adductor minimus);(m. adductor minimus);ia;musculus adductor minimus;(musculo adductor minimus);ia;;;;;
muscular;(Iliopectineal bursa);(Bolsa iliopectínea);(Bursa iliopectinea);(bursa iliopectinea);ia;;(bursa iliopectinea);ia;;;;;
muscular;(Opponens digiti minimi muscle of foot);(Músculo oponente del dedo mínimo del pie);(Musculus opponens digiti minimi pedis);(m. opponens digiti minimi van de voet);ia;musculus flexor digiti minimi brevis pedis;(musculo opponens digiti minimi di pia);ia;;;;;
muscular;Abductor digiti minimi of foot;Abductor del dedo mínimo del pie;Abductor digiti minimi pedis;musculus abductor digiti minimi pedis;wikipedia-nl;musculus abductor digiti minimi van de voet;musculo abductor digiti minimi di pia;ia;;;;;
muscular;Abductor digiti minimi of hand;Abductor del dedo mínimo de la mano;Abductor digiti minimi manus;musculus abductor digiti minimi;wikipedia-nl;musculus abductor digiti minimi van de hand;musculo abductor digiti minimi di man;ia;;;;;
muscular;Abductor hallucis;Abductor del hállux;Abductor hallucis;musculus abductor hallucis;wikipedia-nl;;musculo abductor hallucis;ia;;;;;
muscular;Abductor pollicis brevis;Abductor corto del pulgar;Abductor brevis pollicis;musculus abductor pollicis brevis;wikipedia-nl;;musculo abductor pollicis brevis;ia;;;;;
muscular;Abductor pollicis longus;Abductor largo del pulgar;Abductor longus pollicis;musculus abductor pollicis longus;ia;;musculo abductor pollicis longus;ia;;;;;
muscular;Acromial part of deltoid muscle;Porción acromial del músculo deltoides;Pars acromialis musculi deltoidei;acromiale deel van de deltaspier;ia;musculus deltoideus;parti acromial di musculo deltoides;ia;;;;;
muscular;Adductor brevis;Aductor corto;Adductor brevis;musculus adductor brevis;wikipedia-nl;;musculo adductor brevis;ia;;;;;
muscular;Adductor longus;Aductor largo;Adductor longus;musculus adductor longus;wikipedia-nl;;musculo adductor longus;ia;;;;;
muscular;Adductor magnus;Aductor mayor;Adductor magnus;musculus adductor magnus;wikipedia-nl;;musculo adductor magnus;ia;;;;;
muscular;Anconeus muscle;Músculo ancóneo;Musculus anconeus;musculus anconeus;wikipedia-nl;;musculo anconeo;ia;;;;;
muscular;Anserine bursa;Bolsa anserina;Bursa anserina;bursa anserina;ia;;bursa anserina;ia;;;;;
muscular;Antebrachial fascia;Fascia antebraquial;Fascia antebrachii;fascia antebrachii;ia;;fascia antebraquial;ia;;;;;
muscular;Anterior belly of digastric muscle;Vientre anterior del músculo digástrico;Venter anterior musculi digastrici;voorste buik van de m. digastricus;ia;musculus digastricus;venter anterior di musculo digastrico;ia;;;;;
muscular;Anterior intermuscular septum of leg;Septo intermuscular anterior de la pierna;Septum intermusculare anterius cruris;voorste intermusculaire septum van het onderbeen;ia;;septo intermuscular anterior di parti abou di pia;ia;;;;;
muscular;Anterior layer of thoracolumbar fascia;Lámina anterior de la fascia toracolumbar;Lamina anterior fasciae thoracolumbaris;voorste blad van de fascia thoracolumbalis;ia;;lamina anterior di fascia toracolumbar;ia;;;;;
muscular;Ary-epiglottic part of oblique arytenoid muscle;Porción ariepiglótica del músculo aritenoideo oblicuo;Pars aryepiglottica musculi arytenoidei obliqui;aryepiglottische deel van de m. arytenoideus obliquus;ia;;parti ariepiglotico di musculo aritenoideo oblicuo;ia;;;;;
muscular;Ascending part of trapezius muscle;Porción ascendente del músculo trapecio;Pars ascendens musculi trapezii;opstijgende deel van de monnikskapspier;ia;musculus trapezius;parti ascendente di musculo trapecio;ia;;;;;
muscular;Bicipitoradial bursa;Bolsa bicipitoradial;Bursa bicipitoradialis;bursa bicipitoradialis;ia;;bursa bicipitoradial;ia;;;;;
muscular;Brachial fascia;Fascia braquial;Fascia brachii;fascia brachii;ia;;fascia braquial;ia;;;;;
muscular;Brachialis muscle;Músculo braquial;Musculus brachialis;musculus brachialis;wikipedia-nl;;musculo braquial;ia;;;;;
muscular;Brachioradialis muscle;Músculo braquiorradial;Musculus brachioradialis;musculus brachioradialis;wikipedia-nl;;musculo braquioradial;ia;;;;;
muscular;Bucinator;Buccinador;Bucinator;musculus buccinator;wikipedia-nl;;musculo buccinador;ia;;;;;
muscular;Bursa of piriformis muscle;Bolsa del músculo piriforme;Bursa musculi piriformis;bursa van de m. piriformis;ia;;bursa di musculo piriforme;ia;;;;;
muscular;Calcaneal tendon;Tendón calcáneo;Tendo calcaneus;achillespees;ia;;tendon di Achilles;ia;;;;;
muscular;Clavicular head of pectoralis major muscle;Porción clavicular del músculo pectoral mayor;Pars clavicularis musculi pectoralis majoris;claviculaire kop van de grote borstspier;ia;musculus pectoralis major;cabes clavicular di musculo pectoral mayor;ia;;;;;
muscular;Clavicular part of deltoid muscle;Porción clavicular del músculo deltoides;Pars clavicularis musculi deltoidei;claviculaire deel van de deltaspier;ia;musculus deltoideus;parti clavicular di musculo deltoides;ia;;;;;
muscular;Clavipectoral fascia;Fascia clavipectoral;Fascia clavipectoralis;fascia clavipectoralis;ia;;fascia clavipectoral;ia;;;;;
muscular;Coccygeus muscle;Músculo coccígeo;Musculus coccygeus;musculus coccygeus;wikipedia-nl;;musculo coccigeo;ia;;;;;
muscular;Common flexor tendon sheath;Vaina del tendón flexor común;Vagina communis tendinum flexorum;gemeenschappelijke peesschede van de buigers;ia;;vaina comun di tendonnan flexor;ia;;;;;
muscular;Common tendinous ring;Anillo tendinoso común;Anulus tendineus communis;anulus tendineus communis;wikipedia-nl;;anillo tendinoso comun;ia;;;;;
muscular;Common tendon sheath of fibularis muscles;Vaina tendinosa común de los músculos fibulares;Vagina communis tendinum musculorum fibularium;gemeenschappelijke peesschede van de mm. fibulares;ia;;vaina tendinosa comun di musculonan fibular;ia;;;;;
muscular;Coracobrachial bursa;;;bursa coracobrachialis;ia;;bursa coracobraquial;ia;;;;;
muscular;Coracobrachialis muscle;Músculo coracobraquial;Musculus coracobrachialis;musculus coracobrachialis;wikipedia-nl;;musculo coracobraquial;ia;;;;;
muscular;Corrugator supercilii;Músculo corrugador del supercilio;Musculus corrugator supercilii;musculus corrugator supercilii;wikipedia-nl;;musculo corrugator supercilii;ia;;;;;
muscular;Cruciform part of fibrous sheath of digit of hand;;;kruisvormige deel van de fibreuze peesschede van de vinger;ia;;parti cruciforme di vaina fibroso di dede di man;ia;;;;;
muscular;Crural fascia;Fascia crural;Fascia cruris;fascia cruris;ia;;fascia crural;ia;;;;;
muscular;Deep head of flexor pollicis brevis;Cabeza profunda del flexor corto del pulgar;Caput profundum flexoris brevis pollicis;diepe kop van de m. flexor pollicis brevis;ia;musculus flexor pollicis brevis;cabes profundo di musculo flexor pollicis brevis;ia;;;;;
muscular;Deep head of pronator teres;Cabeza profunda del pronador redondo;Caput profundum pronatoris teretis;diepe kop van de m. pronator teres;ia;;cabes profundo di musculo pronator teres;ia;;;;;
muscular;Deep infrapatellar bursa;Bolsa infrapatelar profunda;Bursa infrapatellaris profunda;diepe infrapatellaire bursa;ia;;bursa infrapatelar profundo;ia;;;;;
muscular;Deep part of masseter;Porción profunda del masétero;Pars profunda masseteris;diepe deel van de m. masseter;ia;musculus masseter;parti profundo di musculo masetero;ia;;;;;
muscular;Deltoid fascia;Fascia deltoidea;Fascia deltoidea;fascia deltoidea;ia;;fascia deltoidea;ia;;;;;
muscular;Depressor anguli oris;Depresor del ángulo oral;Depressor anguli oris;musculus depressor anguli oris;wikipedia-nl;;musculo depressor anguli oris;ia;;;;;
muscular;Depressor labii inferioris;Depresor del labio inferior;Depressor labii inferioris;musculus depressor labii inferioris;wikipedia-nl;;musculo depressor labii inferioris;ia;;;;;
muscular;Depressor septi nasi;Depresor del septo nasal;Depressor septi nasi;musculus depressor septi nasi;wikipedia-nl;;musculo depressor septi nasi;ia;;;;;
muscular;Descending part of trapezius muscle;Porción descendente del músculo trapecio;Pars descendens musculi trapezii;afdalende deel van de monnikskapspier;ia;musculus trapezius;parti descendente di musculo trapecio;ia;;;;;
muscular;Diaphragm;Diafragma;Diaphragma;middenrif;ia;middenrif;diafragma;ia;;;;;
muscular;Diaphragmatic fascia;Fascia diafragmática;Fascia diaphragmatica;fascia diaphragmatica;ia;;fascia diafragmatico;ia;;;;;
muscular;Dorsal fascia of hand;Fascia dorsal de la mano;Fascia dorsalis manus;fascia dorsalis van de hand;ia;;fascia dorsal di man;ia;;;;;
muscular;Dorsal interossei muscles of foot;Músculos interóseos dorsales del pie;Musculi interossei dorsales pedis;musculi interossei dorsales pedis;wikipedia-nl;musculi interossei dorsales van de voet;musculonan interoseo dorsal di pia;ia;;;;;
muscular;Dorsal interossei muscles of hand;Músculos interóseos dorsales de la mano;Musculi interossei dorsales manus;musculi interossei dorsales van de hand;ia;;musculonan interoseo dorsal di man;ia;;;;;
muscular;Dorsal parts of lateral intertransversarii lumborum muscles;Partes dorsales de los m. lumbares intertransversarios lat.;Partes dors. musculorum intertransversariorum lat. lumborum;dorsale delen van de mm. intertransversarii laterales lumborum;ia;;partinan dorsal di musculonan intertransversario lateral lumbar;ia;;;;;
muscular;Epicranial aponeurosis;Aponeurosis epicraneal;Galea aponeurotica;galea aponeurotica;ia;;aponeurosis epicraneal;ia;;;;;
muscular;Extensor carpi radialis brevis;Extensor radial corto del carpo;Extensor radialis brevis carpi;musculus extensor carpi radialis brevis;ia;;musculo extensor carpi radialis brevis;ia;;;;;
muscular;Extensor carpi radialis longus;Extensor radial largo del carpo;Extensor radialis longus carpi;musculus extensor carpi radialis longus;ia;;musculo extensor carpi radialis longus;ia;;;;;
muscular;Extensor digiti minimi;Extensor del dedo mínimo;Extensor digiti minimi;musculus extensor digiti minimi;wikipedia-nl;;musculo extensor digiti minimi;ia;;;;;
muscular;Extensor digitorum;Extensor de los dedos;Extensor digitorum;musculus extensor digitorum;wikipedia-nl;;musculo extensor digitorum;ia;;;;;
muscular;Extensor digitorum brevis;Extensor corto de los dedos;Extensor brevis digitorum;musculus extensor digitorum brevis;wikipedia-nl;;musculo extensor digitorum brevis;ia;;;;;
muscular;Extensor digitorum longus;Extensor largo de los dedos;Extensor longus digitorum;musculus extensor digitorum longus;wikipedia-nl;;musculo extensor digitorum longus;ia;;;;;
muscular;Extensor hallucis brevis;Extensor corto del hállux;Extensor brevis hallucis;musculus extensor hallucis brevis;wikipedia-nl;;musculo extensor hallucis brevis;ia;;;;;
muscular;Extensor hallucis longus;Extensor largo del hállux;Extensor longus hallucis;musculus extensor hallucis longus;wikipedia-nl;;musculo extensor hallucis longus;ia;;;;;
muscular;Extensor indicis;Extensor del índice;Extensor indicis;musculus extensor indicis;wikipedia-nl;;musculo extensor indicis;ia;;;;;
muscular;Extensor pollicis brevis;Extensor corto del pulgar;Extensor brevis pollicis;musculus extensor pollicis brevis;wikipedia-nl;;musculo extensor pollicis brevis;ia;;;;;
muscular;Extensor pollicis longus;Extensor largo del pulgar;Extensor longus pollicis;musculus extensor pollicis longus;wikipedia-nl;;musculo extensor pollicis longus;ia;;;;;
muscular;Extensor retinaculum of wrist;Retináculo de los extensores del carpo;Retinaculum extensorium carpi;retinaculum extensorum van de pols;ia;;retinaculo extensor di pols;ia;;;;;
muscular;External abdominal oblique muscle;Músculo oblicuo externo del abdomen;Musculus obliquus externus abdominis;musculus obliquus externus abdominis;wikipedia-nl;buitenste schuine buikspier;musculo oblicuo externo di barica;ia;;;;;
muscular;External anal sphincter;Esfínter anal externo;Sphincter externus ani;musculus sphincter ani externus;wikipedia-nl;uitwendige anale sfincter;esfinter anal externo;ia;;;;;
muscular;External intercostal muscles;Músculos intercostales externos;Musculi intercostales externi;musculi intercostales externi;wikipedia-nl;uitwendige tussenribspieren;musculonan intercostal externo;ia;;;;;
muscular;External part of thyro-arytenoid muscle;Porción externa del músculo tiroaritenoideo;Pars externa musculi thyreoarytenoidei;uitwendige deel van de m. thyroarytenoideus;ia;;parti externo di musculo tiroaritenoideo;ia;;;;;
muscular;Fascia lata;Fascia lata;Fascia lata;fascia lata;ia;;fascia lata;ia;;;;;
muscular;Fibularis brevis muscle;Músculo fibular corto;Musculus fibularis brevis;musculus peroneus brevis;wikipedia-nl;musculus fibularis brevis;musculo fibular corto;ia;;;;;
muscular;Fibularis longus muscle;Músculo fibular largo;Musculus fibularis longus;musculus peroneus longus;wikipedia-nl;musculus fibularis longus;musculo fibular largo;ia;;;;;
muscular;Fibularis tertius muscle;Músculo fibular tercero;Musculus fibularis tertius;musculus fibularis tertius;ia;;musculo fibular tercero;ia;;;;;
muscular;Flexor carpi radialis;Flexor radial del carpo;Flexor radialis carpi;musculus flexor carpi radialis;wikipedia-nl;;musculo flexor carpi radialis;ia;;;;;
muscular;Flexor digiti minimi of foot;Flexor del dedo mínimo del pie;Flexor digiti minimi pedis pedis;musculus flexor digiti minimi van de voet;ia;musculus flexor digiti minimi brevis pedis;musculo flexor digiti minimi di pia;ia;;;;;
muscular;Flexor digiti minimi of hand;Flexor del dedo mínimo de la mano;Flexor digiti minimi manus;musculus flexor digiti minimi van de hand;ia;musculus flexor digiti minimi brevis;musculo flexor digiti minimi di man;ia;;;;;
muscular;Flexor digitorum brevis;Flexor corto de los dedos;Flexor brevis digitorum;musculus flexor digitorum brevis;wikipedia-nl;;musculo flexor digitorum brevis;ia;;;;;
muscular;Flexor digitorum longus;Músculo flexor largo de los dedos;Musculus flexor digitorum longus;musculus flexor digitorum longus;wikipedia-nl;;musculo flexor digitorum longus;ia;;;;;
muscular;Flexor digitorum profundus;Flexor profundo de los dedos;Flexor profundus digitorum;musculus flexor digitorum profundus;wikipedia-nl;;musculo flexor digitorum profundus;ia;;;;;
muscular;Flexor hallucis longus;Flexor largo del hállux;Flexor longus hallucis;musculus flexor hallucis longus;wikipedia-nl;;musculo flexor hallucis longus;ia;;;;;
muscular;Flexor pollicis longus;Flexor largo del pulgar;Flexor longus pollicis;musculus flexor pollicis longus;wikipedia-nl;;musculo flexor pollicis longus;ia;;;;;
muscular;Flexor retinaculum of ankle;Retináculo de los flexores del tobillo;Retinaculum flexorium tali;retinaculum flexorum van de enkel;ia;;retinaculo flexor di enkel;ia;;;;;
muscular;Flexor retinaculum of wrist;Retináculo de los flexores del carpo;Retinaculum flexorium carpi;retinaculum flexorum van de pols;ia;;retinaculo flexor di pols;ia;;;;;
muscular;Frontalis muscle;Músculo frontal;Musculus frontalis;musculus frontalis;ia;;musculo frontal;ia;;;;;
muscular;Genioglossus muscle;Músculo geniogloso;Musculus genioglossus;musculus genioglossus;wikipedia-nl;;musculo geniogloso;ia;;;;;
muscular;Geniohyoid muscle;Músculo geniohioideo;Musculus geniohyoideus;musculus geniohyoideus;wikipedia-nl;;musculo geniohioideo;ia;;;;;
muscular;Gluteus maximus muscle;Músculo glúteo máximo;Musculus gluteus maximus;musculus gluteus maximus;wikipedia-nl;grote bilspier;musculo gluteo mayor;ia;;;;;
muscular;Gluteus medius muscle;Músculo glúteo medio;Musculus gluteus medius;musculus gluteus medius;wikipedia-nl;middelste bilspier;musculo gluteo medio;ia;;;;;
muscular;Gluteus minimus muscle;Músculo glúteo mínimo;Musculus gluteus minimus;musculus gluteus minimus;wikipedia-nl;kleine bilspier;musculo gluteo menor;ia;;;;;
muscular;Gracilis muscle;Músculo grácil;Musculus gracilis;musculus gracilis;wikipedia-nl;;musculo gracil;ia;;;;;
muscular;Humeral head of extensor carpi ulnaris;Cabeza humeral del extensor ulnar del carpo;Caput humerale extensoris ulnaris carpi;humerale kop van de m. extensor carpi ulnaris;ia;;cabes humeral di musculo extensor carpi ulnaris;ia;;;;;
muscular;Humeral head of flexor carpi ulnaris;Cabeza humeral del flexor ulnar del carpo;Caput humerale flexoris ulnaris carpi;humerale kop van de m. flexor carpi ulnaris;ia;;cabes humeral di musculo flexor carpi ulnaris;ia;;;;;
muscular;Humero-ulnar head of flexor digitorum superficialis;Cabeza humeroulnar del flexor superficial de los dedos;Caput humeroulnare flexoris superficialis digitorum;humero-ulnaire kop van de m. flexor digitorum superficialis;ia;;cabes humeroulnar di musculo flexor digitorum superficialis;ia;;;;;
muscular;Hyoglossus muscle;Músculo hiogloso;Musculus hyoglossus;musculus hyoglossus;wikipedia-nl;;musculo hiogloso;ia;;;;;
muscular;Iliacus muscle;Músculo ilíaco;Musculus iliacus;musculus iliacus;wikipedia-nl;;musculo iliaco;ia;;;;;
muscular;Iliococcygeus muscle;Músculo iliococcígeo;Musculus iliococcygeus;musculus iliococcygeus;ia;musculus levator ani;musculo iliococcigeo;ia;;;;;
muscular;Iliocostalis colli muscle;Músculo iliocostal del cuello;Musculus iliocostalis colli;musculus iliocostalis colli;ia;musculus iliocostalis;musculo iliocostal cervical;ia;;;;;
muscular;Iliocostalis lumborum muscle;Músculo iliocostal lumbar;Musculus iliocostalis lumborum;musculus iliocostalis lumborum;ia;musculus iliocostalis;musculo iliocostal lumbar;ia;;;;;
muscular;Iliocostalis thoracis muscle;Músculo iliocostal del tórax;Musculus iliocostalis thoracis;musculus iliocostalis thoracis;ia;musculus iliocostalis;musculo iliocostal toracico;ia;;;;;
muscular;Iliopectineal arch;Arco iliopectíneo;Arcus iliopectineus;arcus iliopectineus;ia;;arco iliopectineo;ia;;;;;
muscular;Iliopsoas fascia;Fascia del iliopsoas;Fascia iliopsoae;fascia van de m. iliopsoas;ia;;fascia di musculo iliopsoas;ia;;;;;
muscular;Iliotibial tract;Tracto iliotibial;Tractus iliotibialis;tractus iliotibialis;wikipedia-nl;;tracto iliotibial;ia;;;;;
muscular;Inferior extensor retinaculum of ankle;Retináculo inferior de los extensores del tobillo;Retinaculum extensorium inferius tali;onderste retinaculum extensorum van de enkel;ia;;retinaculo extensor inferior di enkel;ia;;;;;
muscular;Inferior fibular retinaculum;Retináculo fibular inferior;Retinaculum fibulare inferius;onderste retinaculum fibulare;ia;;retinaculo fibular inferior;ia;;;;;
muscular;Inferior gemellus muscle;Músculo gemelo inferior;Musculus gemellus inferior;musculus gemellus inferior;ia;;musculo gemelo inferior;ia;;;;;
muscular;Inferior head of lateral pterygoid muscle;Cabeza inferior del músculo pterigoideo lateral;Caput inferius musculi pterygoidei lateralis;onderste kop van de m. pterygoideus lateralis;ia;musculus pterygoideus lateralis;cabes inferior di musculo pterigoideo lateral;ia;;;;;
muscular;Inferior oblique muscle;Músculo oblicuo inferior del bulbo ocular;Musculus obliquus inferior bulbi oculi;musculus obliquus inferior bulbi;wikipedia-nl;musculus obliquus inferior;musculo oblicuo inferior di wowo;ia;;;;;
muscular;Inferior pharyngeal constrictor;Constrictor inferior de la faringe;Constrictor inferior pharyngis;musculus constrictor pharyngis inferior;ia;;musculo constrictor inferior di faringe;ia;;;;;
muscular;Inferior rectus muscle;Músculo recto inferior;Musculus rectus inferior;musculus rectus inferior bulbi;wikipedia-nl;musculus rectus inferior;musculo recto inferior di wowo;ia;;;;;
muscular;Inferior subtendinous bursa of biceps femoris muscle;Bolsa subtendínea inferior del músculo bíceps femoral;Bursa subtendinea inferior musculi bicipitis femoris;onderste subtendineuze bursa van de m. biceps femoris;ia;;bursa subtendinoso inferior di musculo biceps femoris;ia;;;;;
muscular;Inferior tarsus;Tarso inferior;Tarsus inferior;tarsus inferior;ia;;tarso inferior;ia;;;;;
muscular;Infraspinatus muscle;Músculo infraespinoso;Musculus infraspinatus;musculus infraspinatus;wikipedia-nl;;musculo infraespinoso;ia;;;;;
muscular;Inguinal ligament;Ligamento inguinal;Ligamentum inguinale;ligamentum inguinale;wikipedia-nl;liesband;ligamento inguinal;ia;;;;;
muscular;Innermost intercostal muscles;Músculos intercostales íntimos;Musculi intercostales intimi;binnenste tussenribspieren;ia;;musculonan intercostal intimo;ia;;;;;
muscular;Intermediate tendon of digastric muscle;Tendón intermedio del músculo digástrico;Tendo intermedius musculi digastrici;tussenpees van de m. digastricus;ia;musculus digastricus;tendon intermedio di musculo digastrico;ia;;;;;
muscular;Intermuscular gluteal bursae;Bolsas glúteas intermusculares;Bursae intermusculares gluteae;intermusculaire gluteale bursae;ia;;bursanan gluteo intermuscular;ia;;;;;
muscular;Internal abdominal oblique muscle;Músculo oblicuo interno del abdomen;Musculus obliquus internus abdominis;musculus obliquus internus abdominis;wikipedia-nl;binnenste schuine buikspier;musculo oblicuo interno di barica;ia;;;;;
muscular;Internal intercostal muscles;Músculos intercostales internos;Musculi intercostales interni;musculi intercostales interni;wikipedia-nl;inwendige tussenribspieren;musculonan intercostal interno;ia;;;;;
muscular;Interspinales colli muscles;Músculos interespinosos del cuello;Musculi interspinales colli;musculi interspinales colli;ia;musculi interspinales;musculonan interespinoso cervical;ia;;;;;
muscular;Interspinales lumborum muscles;Músculos interespinosos lumbares;Musculi interspinales lumborum;musculi interspinales lumborum;ia;musculi interspinales;musculonan interespinoso lumbar;ia;;;;;
muscular;Interspinales thoracis muscles;Músculos interespinosos del tórax;Musculi interspinales thoracis;musculi interspinales thoracis;ia;musculi interspinales;musculonan interespinoso toracico;ia;;;;;
muscular;Intertubercular tendon sheath;Vaina del tendón intertubercular;Vagina tendinis intertubercularis;vagina tendinis intertubercularis;ia;;vaina tendinosa intertubercular;ia;;;;;
muscular;Investing abdominal fascia;Fascia de revestimiento del abdomen;Fascia investiens abdominis;fascia investiens abdominis;ia;;fascia di revestimento abdominal;ia;;;;;
muscular;Lateral crico-arytenoid muscle;Músculo cricoaritenoideo lateral;Musculus cricoarytendoideus lateralis;musculus cricoarytenoideus lateralis;ia;;musculo cricoaritenoideo lateral;ia;;;;;
muscular;Lateral femoral intermuscular septum;Septo intermuscular femoral lateral;Septum intermusculare laterale femoris;laterale intermusculaire septum van het bovenbeen;ia;;septo intermuscular femoral lateral;ia;;;;;
muscular;Lateral head of flexor hallucis brevis;Cabeza lateral del flexor corto del hállux;Caput laterale flexoris brevis hallucis;laterale kop van de m. flexor hallucis brevis;ia;;cabes lateral di musculo flexor hallucis brevis;ia;;;;;
muscular;Lateral head of gastrocnemius;Cabeza lateral del músculo gastrocnemio;Caput laterale musculi gastrocnemii;laterale kop van de m. gastrocnemius;ia;musculus gastrocnemius;cabes lateral di musculo gastrocnemio;ia;;;;;
muscular;Lateral head of triceps brachii;Cabeza lateral del músculo tríceps braquial;Caput laterale musculi tricipitis brachii;laterale kop van de m. triceps brachii;ia;musculus triceps brachii;cabes lateral di musculo triceps brachii;ia;;;;;
muscular;Lateral intermuscular septum of arm;Septo intermuscular lateral del brazo;Septum intermusculare laterale brachii;laterale intermusculaire septum van de bovenarm;ia;;septo intermuscular lateral di brasa;ia;;;;;
muscular;Lateral patellar retinaculum;Retináculo patelar lateral;Retinaculum laterale patellae;retinaculum patellae laterale;ia;;retinaculo patelar lateral;ia;;;;;
muscular;Lateral rectus muscle;Músculo recto lateral;Musculus rectus lateralis bulbi oculi;musculus rectus lateralis bulbi;wikipedia-nl;musculus rectus lateralis;musculo recto lateral di wowo;ia;;;;;
muscular;Lateral subtendinous bursa of gastrocnemius muscle;Bolsa subtendínea lateral del músculo gastrocnemio;Bursa subtendinea lateralis musculi gastrocnemii;laterale subtendineuze bursa van de m. gastrocnemius;ia;;bursa subtendinoso lateral di musculo gastrocnemio;ia;;;;;
muscular;Latissimus dorsi muscle;Músculo latísimo del dorso;Musculus latissimus dorsi;musculus latissimus dorsi;wikipedia-nl;brede rugspier;musculo latissimus dorsi;ia;;;;;
muscular;Levator anguli oris;Elevador del angulo de la boca;Levator anguli oris;musculus levator anguli oris;wikipedia-nl;;musculo levator anguli oris;ia;;;;;
muscular;Levator labii superioris;Elevador del labio superior;Levator labii superioris;musculus levator labii superioris;wikipedia-nl;;musculo levator labii superioris;ia;;;;;
muscular;Levator nasolabialis;Elevador nasolabial;Levator nasolabialis;musculus levator nasolabialis;ia;musculus levator labii superioris alaeque nasi;musculo levator nasolabialis;ia;;;;;
muscular;Levator palpebrae superioris;Elevador del párpado superior;Levator palpebrae superioris;musculus levator palpebrae superioris;wikipedia-nl;;musculo levator palpebrae superioris;ia;;;;;
muscular;Levator scapulae;Elevador de la escápula;Levator scapulae;musculus levator scapulae;wikipedia-nl;schouderbladheffer;musculo levator scapulae;ia;;;;;
muscular;Levatores breves costarum;Elevadores cortos de las costillas;Levatores breves costarum;musculi levatores costarum breves;ia;musculi levatores costarum;musculonan levatores costarum breves;ia;;;;;
muscular;Levatores longi costarum;Elevadores largos de las costillas;Levatores longi costarum;musculi levatores costarum longi;ia;;musculonan levatores costarum longi;ia;;;;;
muscular;Linea alba;Linea alba;Linea alba;linea alba abdominis;wikipedia-nl;linea alba;linea alba;ia;;;;;
muscular;Long head of biceps brachii;Cabeza larga del músculo bíceps braquial;Caput longum musculi bicipitis brachii;lange kop van de m. biceps brachii;ia;musculus biceps brachii;cabes largo di musculo biceps brachii;ia;;;;;
muscular;Long head of biceps femoris;Cabeza larga del músculo bíceps femoral;Caput longum musculi bicipitis femoris;lange kop van de m. biceps femoris;ia;musculus biceps femoris;cabes largo di musculo biceps femoris;ia;;;;;
muscular;Long head of triceps brachii;Cabeza larga del músculo tríceps braquial;Caput longum musculi tricipitis brachii;lange kop van de m. triceps brachii;ia;musculus triceps brachii;cabes largo di musculo triceps brachii;ia;;;;;
muscular;Longissimus capitis muscle;Músculo longísimo de la cabeza;Musculus longissimus capitis;musculus longissimus capitis;ia;musculus longissimus;musculo longissimus capitis;ia;;;;;
muscular;Longissimus colli muscle;Músculo longísmo del cuello;Musculus longissimus colli;musculus longissimus colli;ia;musculus longissimus;musculo longissimus colli;ia;;;;;
muscular;Longissimus thoracis muscle;Músculo longísimo del tórax;Musculus longissimus thoracis;musculus longissimus thoracis;ia;musculus longissimus;musculo longissimus thoracis;ia;;;;;
muscular;Longus capitis muscle;Músculo largo de la cabeza;Musculus longus capitis;longus capitis;wikipedia-nl;musculus longus capitis;musculo longus capitis;ia;;;;;
muscular;Longus colli muscle;Músculo largo del cuello;Musculus longus colli;musculus longus colli;wikipedia-nl;;musculo longus colli;ia;;;;;
muscular;Lumbrical muscles of foot;Músculos lumbricales del pie;Musculi lumbricales pedis;musculi lumbricales van de voet;ia;musculi lumbricales pedis;musculonan lumbrical di pia;ia;;;;;
muscular;Lumbrical muscles of hand;Músculos lumbricales de la mano;Musculi lumbricales manus;musculi lumbricales van de hand;ia;musculi lumbricales manus;musculonan lumbrical di man;ia;;;;;
muscular;Masseteric fascia;Fascia masetérica;Fascia masseterica;fascia masseterica;ia;;fascia maseterica;ia;;;;;
muscular;Medial femoral intermuscular septum;Septo intermuscular femoral medial;Septum intermusculare mediale femoris;mediale intermusculaire septum van het bovenbeen;ia;;septo intermuscular femoral medial;ia;;;;;
muscular;Medial head of flexor hallucis brevis;Cabeza medial del flexor corto del hállux;Caput mediale flexoris brevis hallucis;mediale kop van de m. flexor hallucis brevis;ia;;cabes medial di musculo flexor hallucis brevis;ia;;;;;
muscular;Medial head of gastrocnemius;Cabeza medial del músculo gastrocnemio;Caput mediale musculi gastrocnemii;mediale kop van de m. gastrocnemius;ia;musculus gastrocnemius;cabes medial di musculo gastrocnemio;ia;;;;;
muscular;Medial head of triceps brachii;Cabeza medial del músculo tríceps braquial;Caput mediale musculi tricipitis caput brachii;mediale kop van de m. triceps brachii;ia;musculus triceps brachii;cabes medial di musculo triceps brachii;ia;;;;;
muscular;Medial intermuscular septum of arm;Septo intermuscular medial del brazo;Septum intermusculare mediale brachii;mediale intermusculaire septum van de bovenarm;ia;;septo intermuscular medial di brasa;ia;;;;;
muscular;Medial patellar retinaculum;Retináculo patelar medial;Retinaculum mediale patellae;retinaculum patellae mediale;ia;;retinaculo patelar medial;ia;;;;;
muscular;Medial pterygoid muscle;Músculo pterigoideo medial;Musculus pterygoideus medialis;musculus pterygoideus medialis;wikipedia-nl;;musculo pterigoideo medial;ia;;;;;
muscular;Medial rectus muscle;Músculo recto medial;Musculus rectus medialis;musculus rectus medialis bulbi;wikipedia-nl;musculus rectus medialis;musculo recto medial di wowo;ia;;;;;
muscular;Medial subtendinous bursa of gastrocnemius muscle;Bolsa subtendínea medial del músculo gastrocnemio;Bursa subtendinea medialis musculi gastrocnemii;mediale subtendineuze bursa van de m. gastrocnemius;ia;;bursa subtendinoso medial di musculo gastrocnemio;ia;;;;;
muscular;Mentalis muscle;Músculo mental;Musculus mentalis;musculus mentalis;wikipedia-nl;;musculo mental;ia;;;;;
muscular;Middle layer of thoracolumbar fascia;Lámina media de la fascia toracolumbar;Lamina media fasciae thoracolumbaris;middelste blad van de fascia thoracolumbalis;ia;;lamina medio di fascia toracolumbar;ia;;;;;
muscular;Middle pharyngeal constrictor;Constrictor medio de la faringe;Constrictor medius pharyngis;musculus constrictor pharyngis medius;ia;;musculo constrictor medio di faringe;ia;;;;;
muscular;Multifidus colli muscle;Músculo multifido del cuello;Musculus multifidus colli;musculus multifidus colli;ia;musculus multifidus;musculo multifido cervical;ia;;;;;
muscular;Multifidus lumborum muscle;Músculo multifido lumbar;Musculus multifidus lumborum;musculus multifidus lumborum;ia;;musculo multifido lumbar;ia;;;;;
muscular;Multifidus thoracis muscle;Músculo multifido del tórax;Musculus multifidus thoracis;musculus multifidus thoracis;ia;;musculo multifido toracico;ia;;;;;
muscular;Mylohyoid muscle;Músculo milohioideo;Musculus mylohyoideus;musculus mylohyoideus;wikipedia-nl;;musculo milohioideo;ia;;;;;
muscular;Nasalis muscle;Músculo nasal;Musculus nasalis;musculus nasalis;wikipedia-nl;;musculo nasal;ia;;;;;
muscular;Oblique head of adductor hallucis;Cabeza oblicua del aductor del hállux;Caput obliquum adductoris hallucis;schuine kop van de m. adductor hallucis;ia;;cabes oblicuo di musculo adductor hallucis;ia;;;;;
muscular;Oblique head of adductor pollicis;Cabeza oblicua del aductor del pulgar;Caput obliquum adductoris pollicis;schuine kop van de m. adductor pollicis;ia;musculus adductor pollicis;cabes oblicuo di musculo adductor pollicis;ia;;;;;
muscular;Oblique part of cricothyroid muscle;Porción oblicua del músculo cricotiroideo;Pars obliqua musculi cricothyreoidei;schuine deel van de m. cricothyroideus;ia;;parti oblicuo di musculo cricotiroideo;ia;;;;;
muscular;Obliquus inferior capitis muscle;Músculo oblicuo inferior de la cabeza;Musculus obliquus inferior capitis;musculus obliquus capitis inferior;wikipedia-nl;;musculo oblicuo inferior di cabes;ia;;;;;
muscular;Obliquus superior capitis muscle;Músculo oblicuo superior de la cabeza;Musculus obliquus superior capitis;musculus obliquus capitis superior;wikipedia-nl;;musculo oblicuo superior di cabes;ia;;;;;
muscular;Obturator externus;Obturador externo;Obturator externus;musculus obturatorius externus;ia;musculus obturatorius externus;musculo obturador externo;ia;;;;;
muscular;Obturator internus;Obturador interno;Obturator internus;musculus obturatorius internus;ia;musculus obturatorius internus;musculo obturador interno;ia;;;;;
muscular;Occipitalis muscle;Músculo occipital;Musculus occipitalis;musculus occipitalis;ia;;musculo occipital;ia;;;;;
muscular;Omohyoid muscle;Músculo omohioideo;Musculus omohyoideus;musculus omohyoideus;wikipedia-nl;;musculo omohioideo;ia;;;;;
muscular;Opponens digiti minimi muscle of hand;Músculo oponente del dedo mínimo de la mano;Musculus opponens digiti minimi manus;musculus opponens digiti minimi manus;wikipedia-nl;musculus opponens digiti minimi van de hand;musculo opponens digiti minimi di man;ia;;;;;
muscular;Opponens pollicis muscle;Músculo oponente del pulgar;Musculus opponens pollicis;musculus opponens pollicis;wikipedia-nl;;musculo opponens pollicis;ia;;;;;
muscular;Orbicularis oris muscle;Músculo orbicular de la boca;Musculus orbicularis oris;musculus orbicularis oris;wikipedia-nl;kringspier van de mond;musculo orbicular di boca;ia;;;;;
muscular;Orbital part of orbicularis oculi;Porción orbitaria del músculo orbicular del ojo;Pars orbitalis musculi orbicularis oculi;orbitale deel van de kringspier van het oog;ia;musculus orbicularis oculi;parti orbital di musculo orbicular di wowo;ia;;;;;
muscular;Palatopharyngeus muscle;Músculo palatofaríngeo;Musculus palatopharyngeus;musculus palatopharyngeus;ia;;musculo palatofaringeo;ia;;;;;
muscular;Palmar aponeurosis;Aponeurosis palmar;Aponeurosis palmaris;palmaire aponeurose;wikipedia-nl;aponeurosis palmaris;aponeurosis palmar;ia;;;;;
muscular;Palmar interossei muscles;Músculos interóseos palmares;Musculi interossei palmares;musculi interossei palmares;ia;;musculonan interoseo palmar;ia;;;;;
muscular;Palmaris longus muscle;Músculo palmar largo;Musculus palmaris longus;musculus palmaris longus;wikipedia-nl;;musculo palmaris longus;ia;;;;;
muscular;Palpebral part of orbicularis oculi;Parte palpebral del múculo orbicular del ojo;Pars palpebralis musculi orbicularis oculi;palpebrale deel van de kringspier van het oog;ia;musculus orbicularis oculi;parti palpebral di musculo orbicular di wowo;ia;;;;;
muscular;Pectineus muscle;Músculo pectíneo;Musculus pectineus;musculus pectineus;wikipedia-nl;;musculo pectineo;ia;;;;;
muscular;Pectoral fascia;Fascia pectoral;Fascia pectoralis;fascia pectoralis;ia;;fascia pectoral;ia;;;;;
muscular;Pectoralis minor muscle;Músculo pectoral menor;Musculus pectoralis minor;musculus pectoralis minor;wikipedia-nl;kleine borstspier;musculo pectoral menor;ia;;;;;
muscular;Piriformis fascia;Fascia del músculo piriforme;Fascia musculi piriformis;fascia van de m. piriformis;ia;;fascia di musculo piriforme;ia;;;;;
muscular;Piriformis muscle;Músculo piriforme;Musculus piriformis;musculus piriformis;wikipedia-nl;;musculo piriforme;ia;;;;;
muscular;Plantar aponeurosis;Aponeurosis plantar;Aponeurosis plantaris;aponeurosis plantaris;ia;aponeurosis plantaris;aponeurosis plantar;ia;;;;;
muscular;Plantar interossei muscles;Músculos interóseos plantares;Musculi interossei plantares;musculi interossei plantares pedis;wikipedia-nl;musculi interossei plantares;musculonan interoseo plantar;ia;;;;;
muscular;Plantar tendon sheath of fibularis longus muscle;Vaina tendinosa plantar del músculo fibular largo;Vagina plantaris tendinis musculi fibularis longi;plantaire peesschede van de m. fibularis longus;ia;;vaina tendinosa plantar di musculo fibular largo;ia;;;;;
muscular;Plantaris muscle;Músculo plantar;Musculus plantaris;musculus plantaris;wikipedia-nl;;musculo plantar;ia;;;;;
muscular;Platysma;Platisma;Platysma;platysma;wikipedia-nl;;platisma;ia;;;;;
muscular;Popliteal fascia;Fascia poplítea;Fascia poplitea;fascia poplitea;ia;;fascia poplitea;ia;;;;;
muscular;Popliteus muscle;Músculo poplíteo;Musculus popliteus;musculus popliteus;wikipedia-nl;;musculo popliteo;ia;;;;;
muscular;Posterior belly of digastric muscle;Vientre posterior del músculo digástrico;Venter posterior musculi digastrici;achterste buik van de m. digastricus;ia;musculus digastricus;venter posterior di musculo digastrico;ia;;;;;
muscular;Posterior crico-arytenoid muscle;Músculo cricoaritenoideo posterior;Musculus cricoarytenoideus posterior;musculus cricoarytenoideus posterior;ia;;musculo cricoaritenoideo posterior;ia;;;;;
muscular;Posterior intermuscular septum of leg;Septo intermuscular posterior de la pierna;Septum intermusculare posterius cruris;achterste intermusculaire septum van het onderbeen;ia;;septo intermuscular posterior di parti abou di pia;ia;;;;;
muscular;Posterior layer of thoracolumbar fascia;Lámina posterior de la fascia toracolumbar;Lamina posterior fasciae thoracolumbaris;achterste blad van de fascia thoracolumbalis;ia;;lamina posterior di fascia toracolumbar;ia;;;;;
muscular;Procerus muscle;Músculo prócer;Musculus procerus;musculus procerus;wikipedia-nl;;musculo procer;ia;;;;;
muscular;Pronator quadratus;Pronador cuadrado;Pronator quadratus;musculus pronator quadratus;wikipedia-nl;;musculo pronador cuadrado;ia;;;;;
muscular;Psoas major;Psoas mayor;Psoas major;musculus psoas major;wikipedia-nl;;musculo psoas mayor;ia;;;;;
muscular;Pubo-analis muscle;Músculo puboanal;Musculus puboanalis;musculus puboanalis;ia;;musculo puboanal;ia;;;;;
muscular;Pubococcygeus muscle;Músculo pubococcígeo;Musculus pubococcygeus;musculus pubococcygeus;ia;musculus levator ani;musculo pubococcigeo;ia;;;;;
muscular;Pyramidalis muscle;Músculo piramidal;Musculus pyramidalis;musculus pyramidalis;wikipedia-nl;;musculo piramidal;ia;;;;;
muscular;Quadratus femoris muscle;Músculo cuadrado femoral;Musculus quadratus femoris;musculus quadratus femoris;wikipedia-nl;;musculo cuadrado femoral;ia;;;;;
muscular;Quadratus lumborum muscle;Músculo cuadrado lumbar;Musculus quadratus lumborum;musculus quadratus lumborum;wikipedia-nl;;musculo cuadrado lumbar;ia;;;;;
muscular;Quadratus plantae muscle;Músculo cuadrado plantar;Musculus quadratus plantae;musculus quadratus plantae;wikipedia-nl;;musculo cuadrado plantar;ia;;;;;
muscular;Radial head of flexor digitorum superficialis;Cabeza radial del flexor superficial de los dedos;Caput radiale flexoris superficialis digitorum;radiale kop van de m. flexor digitorum superficialis;ia;musculus flexor digitorum superficialis;cabes radial di musculo flexor digitorum superficialis;ia;;;;;
muscular;Rectus abdominis muscle;Músculo recto del abdomen;Musculus rectus abdominis;musculus rectus abdominis;wikipedia-nl;rechte buikspier;musculo recto di barica;ia;;;;;
muscular;Rectus anterior capitis muscle;Músculo recto anterior de la cabeza;Musculus rectus anterior capitis;musculus rectus capitis anterior;ia;;musculo recto anterior di cabes;ia;;;;;
muscular;Rectus femoris muscle;Músculo recto femoral;Musculus rectus femoris;musculus rectus femoris;ia;musculus quadriceps femoris;musculo recto femoral;ia;;;;;
muscular;Rectus lateralis capitis muscle;Músculo recto lateral de la cabeza;Musculus rectus lateralis capitis;musculus rectus capitis lateralis;ia;;musculo recto lateral di cabes;ia;;;;;
muscular;Rectus posterior major capitis muscle;Músculo recto posterior mayor de la cabeza;Musculus rectus posterior major capitis;musculus rectus capitis posterior major;wikipedia-nl;;musculo recto posterior mayor di cabes;ia;;;;;
muscular;Rectus posterior minor capitis muscle;Músculo recto posterior menor de la cabeza;Musculus rectus posterior minor capitis;musculus rectus capitis posterior minor;wikipedia-nl;;musculo recto posterior menor di cabes;ia;;;;;
muscular;Rhomboid major muscle;Músculo romboides mayor;Musculus rhomboideus major;musculus rhomboideus major;wikipedia-nl;grote ruitvormige spier;musculo romboide mayor;ia;;;;;
muscular;Rhomboid minor muscle;Músculo romboides menor;Musculus rhomboideus minor;musculus rhomboides minor;wikipedia-nl;kleine ruitvormige spier;musculo romboide menor;ia;;;;;
muscular;Risorius muscle;Músculo risorio;Musculus risorius;musculus risorius;wikipedia-nl;;musculo risorio;ia;;;;;
muscular;Rotatores;Rotadores;Rotatores;musculi rotatores;wikipedia-nl;;musculonan rotador;ia;;;;;
muscular;Sartorius muscle;Músculo sartorio;Musculus sartorius;musculus sartorius;wikipedia-nl;kleermakersspier;musculo sartorio;ia;;;;;
muscular;Scalenus anterior muscle;Músculo escaleno anterior;Musculus scalenus anterior;musculus scalenus anterior;ia;musculi scaleni;musculo escaleno anterior;ia;;;;;
muscular;Scalenus medius muscle;Músculo escaleno medio;Musculus scalenus medius;musculus scalenus medius;ia;musculi scaleni;musculo escaleno medio;ia;;;;;
muscular;Scalenus posterior muscle;Músculo escaleno posterior;Musculus scalenus posterior;musculus scalenus posterior;ia;musculi scaleni;musculo escaleno posterior;ia;;;;;
muscular;Scapular spinal part of deltoid muscle;Porción espinal escapular del músculo deltoides;Pars spinalis scapularis musculi deltoidei;spinale deel van de deltaspier;ia;musculus deltoideus;parti espinal di musculo deltoides;ia;;;;;
muscular;Sciatic bursa of gluteus maximus muscle;Bolsa isquiática del músculo glúteo máximo;Bursa ischiadica musculi glutei maximi;bursa ischiadica van de grote bilspier;ia;;bursa isquiatico di musculo gluteo mayor;ia;;;;;
muscular;Sciatic bursa of obturator internus;Bolsa isquiática del obturador interno;Bursa ischiadica obturatoris interni;bursa ischiadica van de m. obturatorius internus;ia;;bursa isquiatico di musculo obturador interno;ia;;;;;
muscular;Semimembranosus bursa;Bolsa del musculo semimembranoso;Bursa musculi semimembranosi;bursa van de m. semimembranosus;ia;;bursa di musculo semimembranoso;ia;;;;;
muscular;Semimembranosus muscle;Músculo semimembranoso;Musculus semimembranosus;musculus semimembranosus;wikipedia-nl;;musculo semimembranoso;ia;;;;;
muscular;Semispinalis colli muscle;Músculo semiespinoso del cuello;Musculus semispinalis colli;musculus semispinalis colli;ia;musculus semispinalis;musculo semiespinoso cervical;ia;;;;;
muscular;Semispinalis thoracis muscle;Músculo semiespinoso del tórax;Musculus semispinalis thoracis;musculus semispinalis thoracis;ia;musculus semispinalis;musculo semiespinoso toracico;ia;;;;;
muscular;Semitendinosus muscle;Músculo semitendinoso;Musculus semitendinosus;musculus semitendinosus;wikipedia-nl;;musculo semitendinoso;ia;;;;;
muscular;Serratus anterior muscle;Músculo serrato anterior;Musculus serratus anterior;musculus serratus anterior;wikipedia-nl;voorste zaagspier;musculo serrato anterior;ia;;;;;
muscular;Serratus posterior inferior muscle;Músculo serrato posterior inferior;Musculus serratus posterior inferior;musculus serratus posterior inferior;wikipedia-nl;;musculo serrato posterior inferior;ia;;;;;
muscular;Serratus posterior superior muscle;Músculo serrato posterior superior;Musculus serratus posterior superior;musculus serratus posterior superior;wikipedia-nl;;musculo serrato posterior superior;ia;;;;;
muscular;Short head of biceps brachii;Cabeza corta músculo del bíceps braquial;Caput breve musculi bicipitis brachii;korte kop van de m. biceps brachii;ia;;cabes corto di musculo biceps brachii;ia;;;;;
muscular;Short head of biceps femoris;Cabeza corta del músculo bíceps femoral;Caput breve musculi bicipitis femoris;korte kop van de m. biceps femoris;ia;;cabes corto di musculo biceps femoris;ia;;;;;
muscular;Soleus muscle;Músculo sóleo;Musculus soleus;musculus soleus;wikipedia-nl;scholspier;musculo soleo;ia;;;;;
muscular;Spinalis capitis muscle;Músculo espinal de la cabeza;Musculus spinalis capitis;musculus spinalis capitis;ia;musculus spinalis;musculo espinal di cabes;ia;;;;;
muscular;Spinalis colli muscle;Músculo espinal del cuello;Musculus spinalis colli;musculus spinalis colli;ia;musculus spinalis;musculo espinal cervical;ia;;;;;
muscular;Spinalis thoracis muscle;Músculo espinal del tórax;Musculus spinalis thoracis;musculus spinalis thoracis;ia;musculus spinalis;musculo espinal toracico;ia;;;;;
muscular;Splenius capitis muscle;Músculo esplenio de la cabeza;Musculus splenius capitis;musculus splenius capitis;wikipedia-nl;;musculo esplenio di cabes;ia;;;;;
muscular;Splenius colli muscle;Músculo esplenio del cuello;Musculus splenius colli;musculus splenius colli;ia;musculus splenius cervicis;musculo esplenio cervical;ia;;;;;
muscular;Sternocleidomastoid muscle;Músculo esternocleidomastoideo;Musculus sternocleidomastoideus;musculus sternocleidomastoideus;wikipedia-nl;;musculo esternocleidomastoideo;ia;;;;;
muscular;Sternocostal head of pectoralis major muscle;Porción esternocostal del músculo pectoral mayor;Pars sternocostalis musculi pectoralis majoris;sternocostale kop van de grote borstspier;ia;musculus pectoralis major;cabes esternocostal di musculo pectoral mayor;ia;;;;;
muscular;Sternohyoid muscle;Músculo esternohioideo;Musculus sternohyoideus;musculus sternohyoideus;wikipedia-nl;;musculo esternohioideo;ia;;;;;
muscular;Sternothyroid muscle;Músculo esternotiroideo;Musculus sternothyreoideus;musculus sternothyroideus;wikipedia-nl;;musculo esternotiroideo;ia;;;;;
muscular;Straight part of cricothyroid muscle;Porción recta del músculo cricotiroideo;Pars recta musculi cricothyreoidei;rechte deel van de m. cricothyroideus;ia;;parti recto di musculo cricotiroideo;ia;;;;;
muscular;Stylohyoid muscle;Músculo estilohioideo;Musculus stylohyoideus;musculus stylohyoideus;wikipedia-nl;;musculo estilohioideo;ia;;;;;
muscular;Stylopharyngeus muscle;Músculo estilofaríngeo;Musculus stylopharyngeus;musculus stylopharyngeus;ia;;musculo estilofaringeo;ia;;;;;
muscular;Subacromial bursa;Bolsa subacromial;Bursa subacromialis;bursa subacromialis;ia;;bursa subacromial;ia;;;;;
muscular;Subclavius muscle;Músculo subclavio;Musculus subclavius;musculus subclavius;wikipedia-nl;;musculo subclavio;ia;;;;;
muscular;Subcutaneous acromial bursa;;;subcutane acromiale bursa;ia;;bursa acromial subcutaneo;ia;;;;;
muscular;Subcutaneous bursa of lateral malleolus;Bolsa subcutánea del maléolo lateral;Bursa subcutanea malleoli lateralis;subcutane bursa van de laterale malleolus;ia;;bursa subcutaneo di maleolo lateral;ia;;;;;
muscular;Subcutaneous bursa of medial malleolus;Bolsa subcutánea del maléolo medial;Bursa subcutanea malleoli;subcutane bursa van de mediale malleolus;ia;;bursa subcutaneo di maleolo medial;ia;;;;;
muscular;Subcutaneous bursa of tuberosity of tibia;Bolsa subcutánea de la tuberosidad de la tibia;Bursa subcutanea tuberositatis tibiae;subcutane bursa van de tuberositas tibiae;ia;;bursa subcutaneo di tuberosidad di tibia;ia;;;;;
muscular;Subcutaneous calcaneal bursa;Bolsa calcánea subcutánea;Bursa subcutanea calcanea;subcutane calcaneale bursa;ia;;bursa calcaneo subcutaneo;ia;;;;;
muscular;Subcutaneous infrapatellar bursa;Bolsa subcutánea infrapatelar;Bursa subcutanea infrapatellaris;subcutane infrapatellaire bursa;ia;;bursa infrapatelar subcutaneo;ia;;;;;
muscular;Subcutaneous prepatellar bursa;Bolsa prepatelar subcutánea;Bursa subcutanea prepatellaris;subcutane prepatellaire bursa;ia;;bursa prepatelar subcutaneo;ia;;;;;
muscular;Subcutaneous trochanteric bursa;Bolsa trocantérica subcutánea;Bursa subcutanea trochanterica;subcutane trochanterische bursa;ia;;bursa trocanterico subcutaneo;ia;;;;;
muscular;Subdeltoid bursa;Bolsa subdeltoidea;Bursa subdeltoidea;bursa subdeltoidea;ia;;bursa subdeltoideo;ia;;;;;
muscular;Subfacial prepatellar bursa;;;subfasciale prepatellaire bursa;ia;;bursa prepatelar subfascial;ia;;;;;
muscular;Subscapularis muscle;Músculo subescapular;Musculus subscapularis;musculus subscapularis;wikipedia-nl;;musculo subescapular;ia;;;;;
muscular;Subtendinous bursa of iliacus muscle;Bolsa subtendínea ilíaca;Bursa subtendinea iliaca;subtendineuze bursa van de m. iliacus;ia;;bursa subtendinoso di musculo iliaco;ia;;;;;
muscular;Subtendinous bursa of infraspinatus muscle;Bolsa subtendinosa del músculo infraespinoso;Bursa subtendinea musculi infraspinati;subtendineuze bursa van de m. infraspinatus;ia;;bursa subtendinoso di musculo infraespinoso;ia;;;;;
muscular;Subtendinous bursa of obturator internus;Bolsa subtendínea del obturador interno;Bursa subtendinea obturatoris interni;subtendineuze bursa van de m. obturatorius internus;ia;;bursa subtendinoso di musculo obturador interno;ia;;;;;
muscular;Subtendinous bursa of sartorius muscle;Bolsa subtendínea del músculo sartorio;Bursa subtendinea musculi sartorii;subtendineuze bursa van de kleermakersspier;ia;;bursa subtendinoso di musculo sartorio;ia;;;;;
muscular;Subtendinous bursa of teres major muscle;Bolsa subtendinosa del músculo redondo mayor;Bursa subtendinea musculi teretis majoris;subtendineuze bursa van de m. teres major;ia;;bursa subtendinoso di musculo teres major;ia;;;;;
muscular;Subtendinous bursa of tibialis anterior;Bolsa subtendínea del músculo tibial anterior;Bursa subtendinea musculi tibialis anterioris;subtendineuze bursa van de m. tibialis anterior;ia;;bursa subtendinoso di musculo tibial anterior;ia;;;;;
muscular;Subtendinous bursa of trapezius muscle;Bolsa subtendinosa del músculo trapecio;Bursa subtendinea musculi trapezii;subtendineuze bursa van de monnikskapspier;ia;;bursa subtendinoso di musculo trapecio;ia;;;;;
muscular;Subtendinous bursa of triceps brachii muscle;Bolsa subtendinosa del músculo tríceps braquial;Bursa subtendinea musculi tricipitis;subtendineuze bursa van de m. triceps brachii;ia;;bursa subtendinoso di musculo triceps brachii;ia;;;;;
muscular;Subtendinous calcaneal bursa;Bolsa calcánea subtendinosa;Bursa subtendinea calcanea;subtendineuze calcaneale bursa;ia;;bursa calcaneo subtendinoso;ia;;;;;
muscular;Subtendinous prepatellar bursa;(Bolsa prepatelar subtendinosa);(Bursa subtendinea prepatellaris);subtendineuze prepatellaire bursa;ia;;bursa prepatelar subtendinoso;ia;;;;;
muscular;Superficial head of flexor pollicis brevis;Cabeza superficial del flexor corto del pulgar;Caput superficiale flexoris brevis pollicis;oppervlakkige kop van de m. flexor pollicis brevis;ia;musculus flexor pollicis brevis;cabes superficial di musculo flexor pollicis brevis;ia;;;;;
muscular;Superficial head of pronator teres;Cabeza superficial del pronador redondo;Caput superficiale pronatoris teretis;oppervlakkige kop van de m. pronator teres;ia;;cabes superficial di musculo pronator teres;ia;;;;;
muscular;Superficial investing cervical fascia;Fascia de revestimiento superficial del cuello;Fascia investiens superficialis colli lamina;oppervlakkige blad van de halsfascie;ia;;fascia cervical superficial di revestimento;ia;;;;;
muscular;Superficial layer of temporal fascia;Lámina superficial de la fascia temporal;Lamina superficialis fasciae temporalis;oppervlakkige blad van de fascia temporalis;ia;;lamina superficial di fascia temporal;ia;;;;;
muscular;Superficial part of masseter;Porción superficial del masétero;Pars superficialis masseteris;oppervlakkige deel van de m. masseter;ia;musculus masseter;parti superficial di musculo masetero;ia;;;;;
muscular;Superficial transverse metacarpal ligament;Ligamento metacarpiano transverso superficial;Ligamentum metacarpeum transversum superficiale;ligamentum metacarpale transversum superficiale;ia;;ligamento metacarpiano transverso superficial;ia;;;;;
muscular;Superficial transverse metatarsal ligament;Ligamento metatarsiano transverso superficial;Ligamentum metatarseum transversum superficiale;ligamentum metatarsale transversum superficiale;ia;;ligamento metatarsiano transverso superficial;ia;;;;;
muscular;Superior bursa of biceps femoris muscle;Bolsa superior del músculo bíceps femoral;Bursa superior musculi bicipitis femoris;bovenste bursa van de m. biceps femoris;ia;;bursa superior di musculo biceps femoris;ia;;;;;
muscular;Superior extensor retinaculum of ankle;Retináculo superior de los extensores del tobillo;Retinaculum extensorium superius tali;bovenste retinaculum extensorum van de enkel;ia;;retinaculo extensor superior di enkel;ia;;;;;
muscular;Superior fibular retinaculum;Retináculo fibular superior;Retinaculum fibulare superius;bovenste retinaculum fibulare;ia;;retinaculo fibular superior;ia;;;;;
muscular;Superior gemellus muscle;Músculo gemelo superior;Musculus gemellus superior;musculus gemellus superior;ia;;musculo gemelo superior;ia;;;;;
muscular;Superior head of lateral pterygoid muscle;Cabeza superior del músculo pterigoideo lateral;Caput superius musculi pterygoidei lateralis;bovenste kop van de m. pterygoideus lateralis;ia;musculus pterygoideus lateralis;cabes superior di musculo pterigoideo lateral;ia;;;;;
muscular;Superior oblique muscle;Músculo oblicuo superior del bulbo ocular;Musculus obliquus superior bulbi oculi;musculus obliquus superior bulbi;wikipedia-nl;musculus obliquus superior;musculo oblicuo superior di wowo;ia;;;;;
muscular;Superior pharyngeal constrictor;Constrictor superior de la faringe;Constrictor superior pharyngis;musculus constrictor pharyngis superior;ia;;musculo constrictor superior di faringe;ia;;;;;
muscular;Superior rectus muscle;Músculo recto superior;Musculus rectus superior;musculus rectus superior bulbi;wikipedia-nl;musculus rectus superior;musculo recto superior di wowo;ia;;;;;
muscular;Superior tarsus;Tarso superior;Tarsus superior;tarsus superior;ia;;tarso superior;ia;;;;;
muscular;Supinator;Supinador;Supinator;musculus supinator;wikipedia-nl;;musculo supinador;ia;;;;;
muscular;Suprapatellar bursa;Bolsa suprapatelar;Bursa suprapatellaris;bursa suprapatellaris;ia;;bolsa suprapatelar;ia;;;;;
muscular;Supraspinatus muscle;Músculo supraespinoso;Musculus supraspinatus;musculus supraspinatus;wikipedia-nl;;musculo supraespinoso;ia;;;;;
muscular;Synovial sheaths of digits of hand;Vainas sinoviales de los dedos de la mano;Vaginae synoviales digitorum;synoviale peesscheden van de vingers;ia;;vainanan sinovial di e dedenan di man;ia;;;;;
muscular;Temporalis muscle;Músculo temporal;Musculus temporalis;musculus temporalis;wikipedia-nl;slaapspier;musculo temporal;ia;;;;;
muscular;Temporoparietalis muscle;Músculo temporoparietal;Musculus temporoparietalis;musculus temporoparietalis;wikipedia-nl;;musculo temporoparietal;ia;;;;;
muscular;Tendinous arch of levator ani;Arco tendinoso del elevador del ano;Arcus tendineus levatoris ani;arcus tendineus van de m. levator ani;ia;;arco tendinoso di e elevador di ano;ia;;;;;
muscular;Tendon of extensor digitorum longus;Tendón del extensor largo de los dedos;Tendon extensoris digitorum longi;pees van de m. extensor digitorum longus;ia;;tendon di e extensor largo di e dedenan;ia;;;;;
muscular;Tendon sheath - abd. pollicis longus - ext. pollicis brevis;;;peesschede - m. abductor pollicis longus - m. extensor pollicis brevis;ia;;vaina tendinoso - abd. pollicis longus - ext. pollicis brevis;ia;;;;;
muscular;Tendon sheath of extensor carpi ulnaris;Vaina tendinosa del extensor ulnar del carpo;Vagina tendinis extensoris ulnaris carpi;peesschede van de m. extensor carpi ulnaris;ia;;vaina tendinoso di e extensor ulnar di carpo;ia;;;;;
muscular;Tendon sheath of extensor digiti minimi manus;;;peesschede van de m. extensor digiti minimi;ia;;vaina tendinoso di e extensor di dede chikito di man;ia;;;;;
muscular;Tendon sheath of extensor digitorum and extensor indicis;;;peesschede van de m. extensor digitorum en m. extensor indicis;ia;;vaina tendinoso di e extensor di e dedenan y e extensor di dede indice;ia;;;;;
muscular;Tendon sheath of extensor digitorum longus;Vaina tendinosa del extensor largo de los dedos;Vagina tendinum extensoris longi digitorum;peesschede van de m. extensor digitorum longus;ia;;vaina tendinoso di e extensor largo di e dedenan;ia;;;;;
muscular;Tendon sheath of extensor hallucis longus;Vaina tendinosa del extensor largo del hállux;Vagina tendinis extensoris longi hallucis;peesschede van de m. extensor hallucis longus;ia;;vaina tendinoso di e extensor largo di hallux;ia;;;;;
muscular;Tendon sheath of extensor pollicis longus;;;peesschede van de m. extensor pollicis longus;ia;;vaina tendinoso di e extensor largo di dede grandi;ia;;;;;
muscular;Tendon sheath of extensors carpi radialis;;;peesschede van de mm. extensores carpi radiales;ia;;vaina tendinoso di e extensornan radial di carpo;ia;;;;;
muscular;Tendon sheath of flexor carpi radialis;Vaina tendinosa del flexor radial del carpo;Vagina tendinis flexoris radialis carpi;peesschede van de m. flexor carpi radialis;ia;;vaina tendinoso di e flexor radial di carpo;ia;;;;;
muscular;Tendon sheath of flexor digitorum longus;Vaina tendinosa del flexor largo de los dedos;Vagina tendinis flexoris digitorum longus;peesschede van de m. flexor digitorum longus;ia;;vaina tendinoso di e flexor largo di e dedenan;ia;;;;;
muscular;Tendon sheath of flexor hallucis longus;Vaina tendinosa del flexor largo del hállux;Vagina tendinis flexoris longi hallucis;peesschede van de m. flexor hallucis longus;ia;;vaina tendinoso di e flexor largo di hallux;ia;;;;;
muscular;Tendon sheath of flexor pollicis longus;Vaina tendinosa del flexor largo del pulgar;Vagina tendinis flexoris longi pollicis;peesschede van de m. flexor pollicis longus;ia;;vaina tendinoso di e flexor largo di dede grandi;ia;;;;;
muscular;Tendon sheath of tibialis anterior;;;peesschede van de m. tibialis anterior;ia;;vaina tendinoso di e tibial anterior;ia;;;;;
muscular;Tendon sheath of tibialis posterior muscle;Vaina tendinosa del músculo tibial posterior;Vagina tendinis musculi tibialis posterioris;peesschede van de m. tibialis posterior;ia;;vaina tendinoso di e musculo tibial posterior;ia;;;;;
muscular;Tensor fasciae latae;Tensor de la fascia lata;Tensor fasciae latae;musculus tensor fasciae latae;wikipedia-nl;;tensor di fascia lata;ia;;;;;
muscular;Teres major muscle;Músculo redondo mayor;Musculus teres major;musculus teres major;wikipedia-nl;;musculo redondo mayor;ia;;;;;
muscular;Teres minor muscle;Músculo redondo menor;Musculus teres minor;musculus teres minor;wikipedia-nl;;musculo redondo menor;ia;;;;;
muscular;Thyro-epiglottic part of thyro-arytenoid muscle;Porción tiroepiglótica del músculo tiroaritenoideo;Pars thyreoepiglottica musculi thyreoarytenoidei;pars thyroepiglottica van de m. thyroarytenoideus;ia;;porcion tiroepiglotico di e musculo tiroaritenoideo;ia;;;;;
muscular;Thyrohyoid muscle;Músculo tirohioideo;Musculus thyreohyoideus;musculus thyrohyoideus;wikipedia-nl;;musculo tirohioideo;ia;;;;;
muscular;Tibialis anterior muscle;Músculo tibial anterior;Musculus tibialis anterior;musculus tibialis anterior;wikipedia-nl;voorste scheenbeenspier;musculo tibial anterior;ia;;;;;
muscular;Tibialis posterior muscle;Músculo tibial posterior;Musculus tibialis posterior;musculus tibialis posterior;wikipedia-nl;achterste scheenbeenspier;musculo tibial posterior;ia;;;;;
muscular;Transversalis fascia;Fascia transversal;Fascia transversalis;fascia transversalis;ia;;fascia transversal;ia;;;;;
muscular;Transverse arytenoid muscle;Músculo aritenoideo transverso;Musculus arytenoideus transversus;musculus arytenoideus transversus;ia;;musculo aritenoideo transverso;ia;;;;;
muscular;Transverse head of adductor hallucis;Cabeza transversa del aductor del hállux;Caput transversum adductoris hallucis;caput transversum van de m. adductor hallucis;ia;;cabes transverso di e aductor di hallux;ia;;;;;
muscular;Transverse head of adductor pollicis;Cabeza transversa del aductor del pulgar;Caput transversum adductoris pollicis;caput transversum van de m. adductor pollicis;ia;musculus adductor pollicis;cabes transverso di e aductor di dede grandi;ia;;;;;
muscular;Transverse intermuscular septum of leg;Septo intermuscular transverso de la pierna;Septum intermusculare transversum cruris;septum intermusculare transversum van het onderbeen;ia;;septo intermuscular transverso di pia;ia;;;;;
muscular;Transverse part of trapezius muscle;Porción transversa del músculo trapecio;Pars transversa musculi trapezii;pars transversa van de m. trapezius;ia;musculus trapezius;porcion transverso di e musculo trapecio;ia;;;;;
muscular;Transversus abdominis muscle;Músculo transverso del abdomen;Musculus transversus abdominis;dwarse buikspier;ia;musculus transversus abdominis;musculo transverso di barica;ia;;;;;
muscular;Transversus thoracis muscle;Músculo transverso del tórax;Musculus transversus thoracis;musculus transversus thoracis;wikipedia-nl;;musculo transverso di pecho;ia;;;;;
muscular;Trochanteric bursa of gluteus maximus muscle;Bolsa trocantérica del músculo glúteo máximo;Bursa trochanterica musculi glutei maximi;bursa trochanterica van de m. gluteus maximus;ia;;bolsa trocanterico di e musculo gluteo maximo;ia;;;;;
muscular;Trochanteric bursa of gluteus medius muscle;;;bursa trochanterica van de m. gluteus medius;ia;;bolsa trocanterico di e musculo gluteo medio;ia;;;;;
muscular;Trochanteric bursa of gluteus minimus muscle;Bolsa trocantérica del músculo glúteo mínimo;Bursa trochanterica musculi glutei minimi;bursa trochanterica van de m. gluteus minimus;ia;;bolsa trocanterico di e musculo gluteo minimo;ia;;;;;
muscular;Trochlea of superior oblique muscle;Tróclea del músculo oblicuo superior;Trochlea musculi obliqui superioris;trochlea van de m. obliquus superior;ia;musculus obliquus superior bulbi;troclea di e musculo oblicuo superior;ia;;;;;
muscular;Ulnar head of extensor carpi ulnaris;Cabeza ulnar del extensor ulnar del carpo;Caput ulnare extensoris ulnaris carpi;caput ulnare van de m. extensor carpi ulnaris;ia;;cabes ulnar di e extensor ulnar di carpo;ia;;;;;
muscular;Ulnar head of flexor carpi ulnaris;Cabeza ulnar del flexor ulnar del carpo;Caput ulnare flexoris ulnaris carpi;caput ulnare van de m. flexor carpi ulnaris;ia;;cabes ulnar di e flexor ulnar di carpo;ia;;;;;
muscular;Vastus intermedius muscle;Músculo vasto intermedio;Musculus vastus intermedius;musculus vastus intermedius;ia;musculus quadriceps femoris;musculo vasto intermedio;ia;;;;;
muscular;Vastus lateralis muscle;Músculo vasto lateral;Musculus vastus lateralis;musculus vastus lateralis;ia;musculus quadriceps femoris;musculo vasto lateral;ia;;;;;
muscular;Vastus medialis muscle;Músculo vasto medial;Musculus vastus medialis;musculus vastus medialis;ia;musculus quadriceps femoris;musculo vasto medial;ia;;;;;
muscular;Ventral parts of lateral intertransversarii lumborum muscles;Partes ventrales de los m. lumbares intertransvarios lat.;Partes vent. musculorum intertransversariorum lat. lumborum;ventrale delen van de mm. intertransversarii laterales lumborum;ia;;partinan ventral di e musculonan intertransverso lateral lumbar;ia;;;;;
muscular;Zygomaticus major muscle;Músculo cigomático mayor;Musculus zygomaticus major;musculus zygomaticus major;wikipedia-nl;grote jukbeenspier;musculo cigomatico mayor;ia;;;;;
muscular;Zygomaticus minor muscle;Músculo cigomático menor;Musculus zygomaticus minor;musculus zygomaticus minor;wikipedia-nl;kleine jukbeenspier;musculo cigomatico menor;ia;;;;;
nervioso;(Communicating branch of median nerve with ulnar nerve);(Rama comunicante del nervio mediano con el nervio ulnar);(Ramus communicans ulnaris nervi mediani);(ramus communicans van de n. medianus met de n. ulnaris);ia;;(rama comunicante di nervio mediano cu nervio ulnar);ia;;;;;
nervioso;Abducens nerve (VI);Nervio abducens (VI);Nervus abducens (VI);nervus abducens;wikipedia-nl;nervus abducens (VI);nervio abducens (VI);ia;;;;;
nervioso;Accessory nerve (XI);Nervio accesorio (XI);Nervus accessorius (XI);nervus accessorius;wikipedia-nl;nervus accessorius (XI);nervio accesorio (XI);ia;;;;;
nervioso;Accessory nucleus of oculomotor nerve;Núcleo accesorio del nervio oculomotor;Nucleus accessorius nervi oculomotorii;nucleus accessorius van de n. oculomotorius;ia;;nucleo accesorio di nervio oculomotor;ia;;;;;
nervioso;Ampulla of lacrimal canaliculus;Ampulla del canalículo lacrimal;Ampulla canaliculi lacrimalis;ampulla van het traankanaaltje;ia;;ampolla di canaliculo lagrimal;ia;;;;;
nervioso;Amygdaloid body;Cuerpo amigdaloide;Corpus amygdaloideum;amandelkern;ia;amygdala;cuerpo amigdaloide;ia;;;;;
nervioso;Angular gyrus;Giro angular;Gyrus angularis;gyrus angularis;wikipedia-nl;;giro angular;ia;;;;;
nervioso;Anterior branch of medial antebrachial cutaneous nerve;Rama anterior del nervio cutáneo antebraquial medial;Ramus anterior nervi cutanei medialis antebrachii;ramus anterior van de n. cutaneus antebrachii medialis;ia;;rama anterior di nervio cutaneo antebraquial medial;ia;;;;;
nervioso;Anterior branch of obturator nerve;Rama anterior del nervio obturador;Ramus anterior nervi obturatorii;ramus anterior van de n. obturatorius;ia;;rama anterior di nervio obturador;ia;;;;;
nervioso;Anterior chamber of eyeball;Cámara anterior del globo ocular;Camera anterior bulbi oculi;voorste oogkamer;wikipedia-nl;;camara anterior di wowo;ia;;;;;
nervioso;Anterior cochlear nucleus;Núcleo coclear anterior;Nucleus cochlearis anterior;nucleus cochlearis anterior;ia;;nucleo coclear anterior;ia;;;;;
nervioso;Anterior commissure;Comisura anterior;Commissura anterior;commissura anterior;wikipedia-nl;;comisura anterior;ia;;;;;
nervioso;Anterior corticospinal tract;Tracto corticoespinal anterior;Tractus corticospinalis anterior;tractus corticospinalis anterior;ia;;tracto corticoespinal anterior;ia;;;;;
nervioso;Anterior cutaneous branches of femoral nerve;Ramas cutáneas anteriores del nervio femoral;Rami cutanei anteriores nervi femoralis;rami cutanei anteriores van de n. femoralis;ia;;ramanan cutaneo anterior di nervio femoral;ia;;;;;
nervioso;Anterior division of inferior trunk of brachial plexus;División anterior del tronco inferior del plexo braquial;Divisio anterior trunci inferioris plexus brachialis;voorste divisie van de onderste truncus van de plexus brachialis;ia;;division anterior di tronco inferior di plexo braquial;ia;;;;;
nervioso;Anterior division of mandibular nerve;División anterior del nervio mandibular;Divisio anterior nervi mandibularis;voorste divisie van de n. mandibularis;ia;;division anterior di nervio mandibular;ia;;;;;
nervioso;Anterior division of middle trunk of brachial plexus;División anterior del tronco medio del plexo braquial;Divisio anterior trunci medii plexus brachialis;voorste divisie van de middelste truncus van de plexus brachialis;ia;;division anterior di tronco medio di plexo braquial;ia;;;;;
nervioso;Anterior division of superior trunk of brachial plexus;División anterior del tronco superior del plexo braquial;Divisio anterior trunci superioris plexus brachialis;voorste divisie van de bovenste truncus van de plexus brachialis;ia;;division anterior di tronco superior di plexo braquial;ia;;;;;
nervioso;Anterior fasciculus proprius;Fascículo anterior propio;Fasciculus proprius anterior;fasciculus proprius anterior;ia;;fasciculo propio anterior;ia;;;;;
nervioso;Anterior horn of spinal cord;Cuerno anterior de la médula espinal;Cornu anterius medullae spinalis;voorhoorn van het ruggenmerg;ia;;cuerno anterior di medula espinal;ia;;;;;
nervioso;Anterior interosseous nerve of forearm;Nervio interóseo anterior del antebrazo;Nervus interosseus anterior antebrachii;nervus interosseus antebrachii anterior;ia;;nervio interoseo anterior di antebraso;ia;;;;;
nervioso;Anterior occipital sulcus*;;;sulcus occipitalis anterior*;ia;;surco occipital anterior*;ia;;;;;
nervioso;Anterior quadrangular lobule;Lóbulo cuadrangular anterior;Lobulus quadrangularis anterior;lobulus quadrangularis anterior;ia;;lobulo cuadrangular anterior;ia;;;;;
nervioso;Anterior root of posterior femoral cutaneous nerve;Raíz anterior del nervio cutáneo femoral posterior;Radix anterior nervi cutanei femoris;voorste wortel van de n. cutaneus femoris posterior;ia;;rais anterior di nervio cutaneo femoral posterior;ia;;;;;
nervioso;Anterior root of spinal nerve;Raíz anterior del nervio espinal;Radix anterior nervi spinalis;voorwortel van de spinale zenuw;ia;;rais anterior di nervio espinal;ia;;;;;
nervioso;Anterior segment of eyeball;Segmento anterior del globo ocular;Segmentum anterius bulbi oculi;voorste oogsegment;ia;;segmento anterior di wowo;ia;;;;;
nervioso;Anterior spinocerebellar tract;Tracto espinocerebeloso anterior;Tractus spinocerebellaris anterior;tractus spinocerebellaris anterior;ia;;tracto espinocerebeloso anterior;ia;;;;;
nervioso;Anterior spinothalamic tract;Tracto espinotalámico anterior;Tractus spinothalamicus anterior;tractus spinothalamicus anterior;ia;;tracto espinotalamico anterior;ia;;;;;
nervioso;Aqueduct of midbrain;Acueducto del mesencéfalo;Aquaeductus mesencephali;aquaductus mesencephali;ia;;acueducto di mesencefalo;ia;;;;;
nervioso;Auditory tube;Tubo auditivo;Tuba auditiva;buis van Eustachius;ia;buis van Eustachius;tubo auditivo;ia;;;;;
nervioso;Axillary nerve;Nervio axilar;Nervus axillaris;nervus axillaris;wikipedia-nl;;nervio axilar;ia;;;;;
nervioso;Base of peduncle;Base del pedúnculo;Basis pedunculi;basis pedunculi;ia;;base di pedunculo;ia;;;;;
nervioso;Biventral lobule;Lóbulo biventral;Lobulus biventer;lobulus biventer;ia;;lobulo biventral;ia;;;;;
nervioso;Buccal nerve;Nervio bucal;Nervus buccalis;nervus buccalis;ia;;nervio bucal;ia;;;;;
nervioso;Calcarine sulcus;Surco calcarino;Sulcus calcarinus;fissura calcarina;wikipedia-nl;sulcus calcarinus;surco calcarino;ia;;;;;
nervioso;Cauda equina;Cauda equina;Cauda equina;cauda equina;ia;;cauda equina;ia;;;;;
nervioso;Caudate nucleus;Núcleo caudado;Nucleus caudatus;nucleus caudatus;wikipedia-nl;;nucleo caudado;ia;;;;;
nervioso;Central canal;Canal central;Canalis centralis;centraal kanaal;wikipedia-nl;;canal central;ia;;;;;
nervioso;Central canal';;;centraal kanaal';ia;;canal central';ia;;;;;
nervioso;Central lobule;Lóbulo central;Lobulus centralis vermis;lobulus centralis;ia;;lobulo central;ia;;;;;
nervioso;Central sulcus;Surco central;Sulcus centralis;sulcus centralis;wikipedia-nl;;surco central;ia;;;;;
nervioso;Chorda tympani;Cuerda del tímpano;Chorda tympani;chorda tympani;wikipedia-nl;;chorda tympani;ia;;;;;
nervioso;Choroid plexus;Plexo coroideo;Plexus chorioideus;plexus choroideus;wikipedia-nl;;plexo coroideo;ia;;;;;
nervioso;Ciliary body-curve;;;corpus ciliare-curve;ia;;cuerpo ciliar-curva;ia;;;;;
nervioso;Cingulate gyrus (Posteroventral part*);;;gyrus cinguli (posteroventraal deel*);ia;gyrus cinguli;giro cingulado (parti posteroventral*);ia;;;;;
nervioso;Cingulate gyrus and sulcus (Middle anterior part);;;gyrus en sulcus cinguli (middelste voorste deel);ia;gyrus cinguli;giro y surco cingulado (parti medio anterior);ia;;;;;
nervioso;Cingulate gyrus and sulcus (Middle posterior part);;;gyrus en sulcus cinguli (middelste achterste deel);ia;gyrus cinguli;giro y surco cingulado (parti medio posterior);ia;;;;;
nervioso;Cingulate gyrus and sulcus (Posterior dorsal part);;;gyrus en sulcus cinguli (achterste dorsale deel);ia;;giro y surco cingulado (parti posterior dorsal);ia;;;;;
nervioso;Cingulate sulcus (Marginal part*);;;gyrus cinguli;wikipedia-nl;sulcus cinguli (marginaal deel*);surco cingulado (parti marginal*);ia;;;;;
nervioso;Circular sulcus of insula;Surco circular de la ínsula;Sulcus circularis insulae;sulcus circularis insulae;ia;insula;surco circular di insula;ia;;;;;
nervioso;Cochlea;Cóclea;Cochlea;slakkenhuis;ia;;coclea;ia;;;;;
nervioso;Cochlear nerve;Nervio coclear;Nervus cochlearis;gehoorzenuw;wikipedia-nl;nervus cochlearis;nervio coclear;ia;;;;;
nervioso;Collateral sulcus;Surco colateral;Sulcus collateralis;sulcus collateralis;ia;sulcus collateralis;surco colateral;ia;;;;;
nervioso;Common fibular nerve;Nervio fibular común;Nervus fibularis communis;nervus fibularis communis;ia;;nervio fibular comun;ia;;;;;
nervioso;Common palmar digital branches of median nerve;Ramas digitales palmares comunes del nervio mediano;Rami digitales palmares communes nervi mediani;nervi digitales palmares communes van de n. medianus;ia;;ramanan digital palmar comun di nervio mediano;ia;;;;;
nervioso;Common palmar digital branches of ulnar nerve;Ramas digitales palmares comunes del nervio ulnar;Rami digitales palmares communes nervi ulnaris;nervi digitales palmares communes van de n. ulnaris;ia;;ramanan digital palmar comun di nervio ulnar;ia;;;;;
nervioso;Common plantar digital branches of lateral plantar nerve;Ramas digitales plantares comunes del nervio plantar lateral;Rami digitales plantares communes nervi plantaris lateralis;nervi digitales plantares communes van de n. plantaris lateralis;ia;;ramanan digital plantar comun di nervio plantar lateral;ia;;;;;
nervioso;Common plantar digital branches of medial plantar nerve;Ramas digitales plantares comunes del nervio plantar medial;Rami digitales plantares communes nervi plantaris medialis;nervi digitales plantares communes van de n. plantaris medialis;ia;;ramanan digital plantar comun di nervio plantar medial;ia;;;;;
nervioso;Cornea;Córnea;Cornea;hoornvlies;wikipedia-nl;;cornea;ia;;;;;
nervioso;Corpus callosum;Cuerpo calloso;Corpus callosum;hersenbalk;wikipedia-nl;;cuerpo calloso;ia;;;;;
nervioso;Culmen;Culmen;Culmen;culmen;ia;;culmen;ia;;;;;
nervioso;Cuneate fasciculus;Fascículo cuneiforme;Fasciculus cuneatus;fasciculus cuneatus;ia;;fasciculo cuneiforme;ia;;;;;
nervioso;Cuneus;Cuneus;Cuneus;cuneus;wikipedia-nl;;cuneus;ia;;;;;
nervioso;Declive;Declive;Declive;declive;ia;;declive;ia;;;;;
nervioso;Deep branch of radial nerve;Rama profunda del nervio radial;Ramus profundus nervi radialis;ramus profundus van de n. radialis;ia;;rama profundo di nervio radial;ia;;;;;
nervioso;Deep branch of ulnar nerve;Rama profunda del nervio ulnar;Ramus profundus nervi ulnaris;ramus profundus van de n. ulnaris;ia;;rama profundo di nervio ulnar;ia;;;;;
nervioso;Deep fibular nerve;Nervio fibular profundo;Nervus fibularis profundus;nervus fibularis profundus;ia;;nervio fibular profundo;ia;;;;;
nervioso;Dorsal branch of ulnar nerve;Rama dorsal del nervio ulnar;Ramus dorsalis nervi ulnaris;ramus dorsalis van de n. ulnaris;ia;;rama dorsal di nervio ulnar;ia;;;;;
nervioso;Dorsal digital branches of deep fibular nerve;Ramas digitales dorsales del nervio fibular profundo;Rami digitales dorsales nervi fibularis profundi;nervi digitales dorsales van de n. fibularis profundus;ia;;ramanan digital dorsal di nervio fibular profundo;ia;;;;;
nervioso;Dorsal digital branches of radial nerve;Ramas digitales dorsales del nervio radial;Rami digitales dorsales nervi radialis;nervi digitales dorsales van de n. radialis;ia;;ramanan digital dorsal di nervio radial;ia;;;;;
nervioso;Dorsal digital branches of superficial fibular nerve;Ramas digitales dorsales del nervio fibularo superficial;Rami digitales dorsales nervi fibularis superficialis;nervi digitales dorsales van de n. fibularis superficialis;ia;;ramanan digital dorsal di nervio fibular superficial;ia;;;;;
nervioso;Dorsal digital branches of ulnar nerve;Ramas digitales dorsales del nervio ulnar;Rami digitales dorsales nervi ulnaris;nervi digitales dorsales van de n. ulnaris;ia;;ramanan digital dorsal di nervio ulnar;ia;;;;;
nervioso;Dorsal scapular nerve;Nervio escapular dorsal;Nervus dorsalis scapulae;nervus dorsalis scapulae;ia;;nervio escapular dorsal;ia;;;;;
nervioso;Equator of eyeball;Ecuador del globo ocular;Aequator bulbi oculi;equator van de oogbol;ia;;ecuador di wowo;ia;;;;;
nervioso;External axis of eyeball;Eje externo del globo ocular;Axis externus bulbi oculi;uitwendige as van de oogbol;ia;;eje externo di wowo;ia;;;;;
nervioso;Facial nerve (VII);Nervio facial (VII);Nervus facialis (VII);nervus facialis;wikipedia-nl;aangezichtszenuw (VII);nervio facial (VII);ia;;;;;
nervioso;Falx cerebri;Hoz del cerebro;Falx cerebri;falx cerebri;wikipedia-nl;;falx cerebri;ia;;;;;
nervioso;Femoral branch of genitofemoral nerve;Rama femoral del nervio genitofemoral;Ramus femoralis nervi genitofemoralis;ramus femoralis van de n. genitofemoralis;ia;;rama femoral di nervio genitofemoral;ia;;;;;
nervioso;Femoral nerve;Nervio femoral;Nervus femoralis;dijzenuw;wikipedia-nl;nervus femoralis;nervio femoral;ia;;;;;
nervioso;Flocculus;Flocculus;Flocculus;flocculus;ia;;floculo;ia;;;;;
nervioso;Folium of vermis;Folio del vermis;Folium vermis;folium vermis;ia;;folio di vermis;ia;;;;;
nervioso;Fornix;Fornix;Fornix;fornix;ia;;fornix;ia;;;;;
nervioso;Fourth ventricle;Cuarto ventrículo;Ventriculus quartus;vierde ventrikel;wikipedia-nl;;cuarto ventriculo;ia;;;;;
nervioso;Ganglia of sympathetic trunk;Ganglios del tronco simpático;Ganglia trunci sympathici;ganglia van de grensstreng;ia;;ganglionan di tronco simpatico;ia;;;;;
nervioso;Genital branch of genitofemoral nerve;Rama genital del nervio genitofemoral;Ramus genitalis nervi genitofemoralis;ramus genitalis van de n. genitofemoralis;ia;;rama genital di nervio genitofemoral;ia;;;;;
nervioso;Genitofemoral nerve;Nervio genitofemoral;Nervus genitofemoralis;nervus genitofemoralis;ia;;nervio genitofemoral;ia;;;;;
nervioso;Globus pallidus;Globo pálido;Globus pallidus;globus pallidus;ia;;globo palido;ia;;;;;
nervioso;Glossopharyngeal nerve (IX);Nervio glosofaríngeo (IX);Nervus glossopharyngeus (IX);nervus glossopharyngeus;wikipedia-nl;nervus glossopharyngeus (IX);nervio glosofaringeo (IX);ia;;;;;
nervioso;Gracile fasciculus;Fascículo grácil;Fasciculus gracilis;fasciculus gracilis;ia;;fasciculo gracil;ia;;;;;
nervioso;Gracile lobule;Lóbulo grácil;Lobulus gracilis;lobulus gracilis;ia;;lobulo gracil;ia;;;;;
nervioso;Habenula;Habénula;Habenula;habenula;ia;;habenula;ia;;;;;
nervioso;Hippocampal commissure;Comisura hipocampal;Commissura hippocampi;commissura hippocampi;ia;;comisura hipocampal;ia;;;;;
nervioso;Hippocampus;Hipocampo;Hippocampus;hippocampus;wikipedia-nl;;hipocampo;ia;;;;;
nervioso;Hypoglossal nerve (XII);Nervio hipogloso (XII);Nervus hypoglossus (XII);nervus hypoglossus;wikipedia-nl;nervus hypoglossus (XII);nervio hipogloso (XII);ia;;;;;
nervioso;Hypothalamus;Hipotálamo;Hypothalamus;hypothalamus;wikipedia-nl;;hipotalamo;ia;;;;;
nervioso;Ilio-inguinal nerve;Nervio ilio-inguinal;Nervus ilioinguinalis;nervus ilioinguinalis;ia;;nervio ilioinguinal;ia;;;;;
nervioso;Iliohypogastric nerve;Nervio iliohipogástrico;Nervus iliohypogastricus;nervus iliohypogastricus;ia;;nervio iliohipogastrico;ia;;;;;
nervioso;Inferior alveolar nerve;Nervio alveolar inferior;Nervus alveolaris inferior;nervus alveolaris inferior;ia;;nervio alveolar inferior;ia;;;;;
nervioso;Inferior colliculus;Colículo inferior;Colliculus inferior;colliculus inferior;ia;;coliculo inferior;ia;;;;;
nervioso;Inferior frontal sulcus;Surco frontal inferior;Sulcus frontalis inferior;sulcus frontalis inferior;wikipedia-nl;;surco frontal inferior;ia;;;;;
nervioso;Inferior lateral brachial cutaneous nerve;Nervio cutáneo braquial lateral inferior;Nervus cutaneus lateralis inferior brachii;nervus cutaneus brachii lateralis inferior;ia;;nervio cutaneo braquial lateral inferior;ia;;;;;
nervioso;Inferior occipital gyrus and sulcus*;;;gyrus en sulcus occipitalis inferior*;ia;;giro y surco occipital inferior*;ia;;;;;
nervioso;Inferior salivatory nucleus;Núcleo salival inferior;Nucleus salivatorius inferior;nucleus salivatorius inferior;ia;;nucleo salival inferior;ia;;;;;
nervioso;Inferior semilunar lobule;Lóbulo semilunar inferior;Lobulus semilunaris inferior;lobulus semilunaris inferior;ia;;lobulo semilunar inferior;ia;;;;;
nervioso;Inferior subscapular nerve;Nervio subescapular inferior;Nervus subscapularis inferior;nervus subscapularis inferior;ia;;nervio subescapular inferior;ia;;;;;
nervioso;Inferior temporal gyrus;Giro temporal inferior;Gyrus temporalis inferior;gyrus temporalis inferior;wikipedia-nl;;giro temporal inferior;ia;;;;;
nervioso;Inferior temporal sulcus;Surco temporal inferior;Sulcus temporalis inferior;sulcus temporalis inferior;wikipedia-nl;;surco temporal inferior;ia;;;;;
nervioso;Inferior trunk of brachial plexus;Tronco inferior del plexo braquial;Truncus inferior plexus brachialis;onderste truncus van de plexus brachialis;ia;;tronco inferior di plexo braquial;ia;;;;;
nervioso;Infrapatellar branch of saphenous nerve;Rama infrapatelar del nervio safeno;Ramus infrapatellaris nervi sapheni;ramus infrapatellaris van de n. saphenus;ia;;rama infrapatelar di nervio safeno;ia;;;;;
nervioso;Insula (Subcentral gyrus and ant. and post. sulci*);;;insula (gyrus subcentralis en voorste en achterste sulci*);ia;insula;insula (giro subcentral y surconan ant. y post.*);ia;;;;;
nervioso;Intercostal nerves;Nervios intercostales;Nervi intercostales;intercostale zenuwen;ia;;nervionan intercostal;ia;;;;;
nervioso;Intermediate dorsal cutaneous nerve of foot;Nervio cutáneo dorsal intermedio del pie;Nervus cutaneus intermedius dorsalis pedis;nervus cutaneus dorsalis intermedius van de voet;ia;;nervio cutaneo dorsal intermedio di pia;ia;;;;;
nervioso;Intermediolateral nucleus;Núcleo intermediolateral;Nucleus intermediolateralis;nucleus intermediolateralis;ia;;nucleo intermediolateral;ia;;;;;
nervioso;Intermediomedial nucleus;Núcleo intermediomedial;Nucleus intermediomedialis;nucleus intermediomedialis;ia;;nucleo intermediomedial;ia;;;;;
nervioso;Internal axis of eyeball;Eje interno del globo ocular;Axis internus bulbi oculi;inwendige as van de oogbol;ia;;eje interno di wowo;ia;;;;;
nervioso;Interpeduncular fossa;Fosa interpeduncular;Fossa interpeduncularis;fossa interpeduncularis;ia;;fosa interpeduncular;ia;;;;;
nervioso;Intraparietal sulcus;Surco intraparietal;Sulcus intraparietalis;sulcus intraparietalis;wikipedia-nl;;surco intraparietal;ia;;;;;
nervioso;Iris;Iris;Iris;iris;wikipedia-nl;regenboogvlies;iris;ia;;;;;
nervioso;Lacrimal canaliculus;Canalículo lagrimal;Canaliculus lacrimalis;traankanaaltje;ia;traankanalen;canaliculo lagrimal;ia;;;;;
nervioso;Lacrimal gland;Glándula lagrimal;Glandula lacrimalis;traanklier;wikipedia-nl;;glandula lagrimal;ia;;;;;
nervioso;Lacrimal sac;Saco lagrimal;Saccus lacrimalis;traanzak;wikipedia-nl;;saco lagrimal;ia;;;;;
nervioso;Lat_Fis-ant-Horizont;;;laterale fissuur, voorste horizontale tak (Lat_Fis-ant-Horizont);ia;;fisura lateral, rama anterior horizontal (Lat_Fis-ant-Horizont);ia;;;;;
nervioso;Lat_Fis-ant-Vertical;;;laterale fissuur, voorste verticale tak (Lat_Fis-ant-Vertical);ia;;fisura lateral, rama anterior vertical (Lat_Fis-ant-Vertical);ia;;;;;
nervioso;Lat_Fis-post;;;laterale fissuur, achterste tak (Lat_Fis-post);ia;;fisura lateral, rama posterior (Lat_Fis-post);ia;;;;;
nervioso;Lateral antebrachial cutaneous nerve;Nervio cutáneo antebraquial lateral;Nervus cutaneus lateralis antebrachii;nervus cutaneus antebrachii lateralis;ia;;nervio cutaneo antebraquial lateral;ia;;;;;
nervioso;Lateral corticospinal tract;Tracto corticoespinal lateral;Tractus corticospinalis lateralis;tractus corticospinalis lateralis;ia;;tracto corticoespinal lateral;ia;;;;;
nervioso;Lateral fasciculus proprius;Fascículo lateral propio;Fasciculus proprius lateralis;fasciculus proprius lateralis;ia;;fasciculo propio lateral;ia;;;;;
nervioso;Lateral femoral cutaneous nerve;Nervio cutáneo femoral lateral;Nervus cutaneus lateralis femoris;nervus cutaneus femoris lateralis;ia;;nervio cutaneo femoral lateral;ia;;;;;
nervioso;Lateral geniculate body;Cuerpo geniculado lateral;Corpus geniculatum laterale;corpus geniculatum laterale;ia;corpus geniculatum laterale;cuerpo geniculado lateral;ia;;;;;
nervioso;Lateral intermediate substance;Sustancia intermedia lateral;Substantia intermedia lateralis;substantia intermedia lateralis;ia;;sustancia intermedia lateral;ia;;;;;
nervioso;Lateral occipital gyrus (Middle occipital gyrus*);;;gyrus occipitalis lateralis (gyrus occipitalis medius*);ia;;giro occipital lateral (giro occipital medio*);ia;;;;;
nervioso;Lateral occipitotemporal gyrus;Giro occipitotemporal lateral;Gyrus occipitotemporalis lateralis;gyrus occipitotemporalis lateralis;ia;gyrus fusiformis;giro occipitotemporal lateral;ia;;;;;
nervioso;Lateral pectoral nerve;Nervio pectoral lateral;Nervus pectoralis lateralis;nervus pectoralis lateralis;ia;;nervio pectoral lateral;ia;;;;;
nervioso;Lateral plantar nerve;Nervio plantar lateral;Nervus plantaris lateralis;nervus plantaris lateralis;ia;;nervio plantar lateral;ia;;;;;
nervioso;Lateral reticulospinal tract;Tracto reticuloespinal lateral;Tractus reticulospinalis lateralis;tractus reticulospinalis lateralis;ia;formatio reticularis;tracto reticuloespinal lateral;ia;;;;;
nervioso;Lateral spinothalamic tract;Tracto espinotalámico lateral;Tractus spinothalamicus lateralis;tractus spinothalamicus lateralis;ia;;tracto espinotalamico lateral;ia;;;;;
nervioso;Lateral ventricle;Ventrículo lateral;Ventriculus lateralis;zijventrikel;ia;zijventrikel;ventriculo lateral;ia;;;;;
nervioso;Lateral vestibulospinal tract;Tracto vestibuloespinal lateral;Tractus vestibulospinalis lateralis;tractus vestibulospinalis lateralis;ia;;tracto vestibuloespinal lateral;ia;;;;;
nervioso;Lens;Lente;Lens;ooglens;wikipedia-nl;;lente di wowo;ia;;;;;
nervioso;Lentiform nucleus;Núcleo lentiforme;Nucleus lentiformis;nucleus lentiformis;ia;;nucleo lentiforme;ia;;;;;
nervioso;Lingual gyrus;Giro lingual;Gyrus lingualis;gyrus lingualis;ia;;giro lingual;ia;;;;;
nervioso;Lingual nerve;Nervio lingual;Nervus lingualis;nervus lingualis;ia;;nervio lingual;ia;;;;;
nervioso;Lingula of cerebellum;Lingula del cerebelo;Lingula cerebelli;lingula cerebelli;ia;;lingula di cerebelo;ia;;;;;
nervioso;Long thoracic nerve;Nervio torácico largo;Nervus thoracicus longus;nervus thoracicus longus;ia;;nervio toracico largo;ia;;;;;
nervioso;Lunate sulcus;;;sulcus lunatus;ia;;surco lunado;ia;;;;;
nervioso;Mamillary body;Cuerpo mamilar;Corpus mammillare;corpus mammillare;ia;;cuerpo mamilar;ia;;;;;
nervioso;Maxillary nerve;Nervio maxilar;Nervus maxillaris;nervus maxillaris;wikipedia-nl;;nervio maxilar;ia;;;;;
nervioso;Medial antebrachial cutaneous nerve;Nervio cutáneo antebraquial medial;Nervus cutaneus medialis antebrachii;nervus cutaneus antebrachii medialis;ia;;nervio cutaneo antebraquial medial;ia;;;;;
nervioso;Medial brachial cutaneous nerve;Nervio cutáneo braquial medial;Nervus cutaneus medialis brachii;nervus cutaneus brachii medialis;ia;;nervio cutaneo braquial medial;ia;;;;;
nervioso;Medial crural cutaneous branches of saphenous nerve;Ramas cutáneas crurales mediales del nervio safeno;Rami cutanei mediales cruris nervi sapheni;rami cutanei cruris mediales van de n. saphenus;ia;;ramanan cutaneo crural medial di nervio safeno;ia;;;;;
nervioso;Medial dorsal cutaneous nerve of foot;Nervio cutáneo dorsal medial del pie;Nervus cutaneus medialis dorsalis pedis;nervus cutaneus dorsalis medialis van de voet;ia;;nervio cutaneo dorsal medial di pia;ia;;;;;
nervioso;Medial geniculate body;Cuerpo geniculado medial;Corpus geniculatum mediale;corpus geniculatum mediale;ia;;cuerpo geniculado medial;ia;;;;;
nervioso;Medial occipitotemporal gyrus (Parahippocampal*);;;gyrus occipitotemporalis medialis (parahippocampaal*);ia;gyrus parahippocampalis;giro occipitotemporal medial (parahipocampal*);ia;;;;;
nervioso;Medial pectoral nerve;Nervio pectoral medial;Nervus pectoralis medialis;nervus pectoralis medialis;ia;;nervio pectoral medial;ia;;;;;
nervioso;Medial plantar nerve;Nervio plantar medial;Nervus plantaris medialis;nervus plantaris medialis;ia;;nervio plantar medial;ia;;;;;
nervioso;Medial reticulospinal tract;Tracto reticuloespinal medial;Tractus reticulospinalis medialis tractus;tractus reticulospinalis medialis;ia;formatio reticularis;tracto reticuloespinal medial;ia;;;;;
nervioso;Medial sural cutaneous nerve;Nervio cutáneo sural medial;Nervus cutaneus medialis surae;nervus cutaneus surae medialis;ia;;nervio cutaneo sural medial;ia;;;;;
nervioso;Medial vestibulospinal tract;Tracto vestibuloespinal medial;Tractus vestibulospinalis medialis;tractus vestibulospinalis medialis;ia;;tracto vestibuloespinal medial;ia;;;;;
nervioso;Median nerve;Nervio mediano;Nervus medianus;nervus medianus;wikipedia-nl;;nervio mediano;ia;;;;;
nervioso;Medulla oblongata;Bulbo raquídeo;Medulla oblongata;medulla oblongata;wikipedia-nl;verlengde merg;medula oblongata;ia;;;;;
nervioso;Meningeal branch of maxillary nerve;Rama meníngea del nervio maxilar;Ramus meningeus nervi maxillaris;ramus meningeus van de n. maxillaris;ia;;rama meningeo di nervio maxilar;ia;;;;;
nervioso;Mental nerve;Nervio mental;Nervus mentalis;nervus mentalis;ia;;nervio mental;ia;;;;;
nervioso;Meridians of eyeball;Meridianos del globo ocular;Meridiani bulbi oculi;meridianen van de oogbol;ia;;meridianonan di wowo;ia;;;;;
nervioso;Midbrain;Mesencéfalo;Mesencephalon;mesencephalon;wikipedia-nl;middenhersenen;mesencefalo;ia;;;;;
nervioso;Middle frontal gyrus;Giro frontal medio;Gyrus frontalis medius;gyrus frontalis medius;wikipedia-nl;;giro frontal medio;ia;;;;;
nervioso;Middle temporal gyrus;Giro temporal medio;Gyrus temporalis medius;gyrus temporalis medius;wikipedia-nl;;giro temporal medio;ia;;;;;
nervioso;Middle trunk of brachial plexus;Tronco medio del plexo braquial;Truncus medius plexus brachialis;middelste truncus van de plexus brachialis;ia;;tronco medio di plexo braquial;ia;;;;;
nervioso;Motor nucleus of facial nerve;Núcleo motor del nervio facial;Nucleus nervi facialis;motorische kern van de n. facialis;ia;;nucleo motor di nervio facial;ia;;;;;
nervioso;Motor root of trigeminal nerve;Raíz motora del nervio trigémino;Radix motoria nervi trigemini;motorische wortel van de n. trigeminus;ia;;rais motor di nervio trigemino;ia;;;;;
nervioso;Muscular branches of axillary nerve;Ramas musculares del nervio axilar;Rami musculares nervi axillaris;rami musculares van de n. axillaris;ia;;ramanan muscular di nervio axilar;ia;;;;;
nervioso;Muscular branches of deep fibular nerve;Ramas musculares del nervio fibular profundo;Rami musculares nervi fibularis profundi;rami musculares van de n. fibularis profundus;ia;;ramanan muscular di nervio fibular profundo;ia;;;;;
nervioso;Muscular branches of median nerve;Ramas musculares del nervio mediano;Rami musculares nervi mediani;rami musculares van de n. medianus;ia;;ramanan muscular di nervio mediano;ia;;;;;
nervioso;Muscular branches of radial nerve;Ramas musculares del nervio radial;Rami musculares nervi radialis;rami musculares van de n. radialis;ia;;ramanan muscular di nervio radial;ia;;;;;
nervioso;Muscular branches of ulnar nerve;Ramas musculares del nervio ulnar;Rami musculares nervi ulnaris;rami musculares van de n. ulnaris;ia;;ramanan muscular di nervio ulnar;ia;;;;;
nervioso;Musculocutaneous nerve;Nervio musculocutáneo;Nervus musculocutaneus;nervus musculocutaneus;wikipedia-nl;;nervio musculocutaneo;ia;;;;;
nervioso;Nasolacrimal duct;Canal nasolagrimal;Ductus nasolacrimalis;traanbuis;wikipedia-nl;;conducto nasolagrimal;ia;;;;;
nervioso;Nerve to mylohyoid muscle;Nervio al músculo milohioideo;Nervus mylohyoideus;nervus mylohyoideus;ia;;nervio di musculo milohioideo;ia;;;;;
nervioso;Nerve to piriformis muscle;Nervio del músculo piriforme;Nervus musculi piriformis;nervus musculi piriformis;ia;;nervio di musculo piriforme;ia;;;;;
nervioso;Nerve to quadratus femoris muscle;Nervio del músculo cuadrado femoral;Nervus musculi quadrati femoris;nervus musculi quadrati femoris;ia;;nervio di musculo cuadrado femoral;ia;;;;;
nervioso;Nodule of vermis;Nódulo del vermis;Nodulus vermis;nodulus vermis;ia;;nodulo di vermis;ia;;;;;
nervioso;Nucleus ambiguus;Núcleo ambiguo;Nucleus ambiguus;nucleus ambiguus;ia;;nucleo ambiguo;ia;;;;;
nervioso;Nucleus of abducens nerve;Núcleo del nervio abducens;Nucleus nervi abducentis;kern van de n. abducens;ia;;nucleo di nervio abducens;ia;;;;;
nervioso;Nucleus of accessory nerve;Núcleo del nervio accesorio;Nucleus nervi accessorii;kern van de n. accessorius;ia;;nucleo di nervio accesorio;ia;;;;;
nervioso;Nucleus of hypoglossal nerve;Núcleo del nervio hipogloso;Nucleus nervi hypoglossi;kern van de n. hypoglossus;ia;;nucleo di nervio hipogloso;ia;;;;;
nervioso;Nucleus of oculomotor nerve;Núcleo del nervio oculomotor;Nucleus nervi oculomotorius;kern van de n. oculomotorius;ia;;nucleo di nervio oculomotor;ia;;;;;
nervioso;Nucleus of solitary tract;Núcleo del tracto solitario;Nucleus tractus solitarii;nucleus tractus solitarii;ia;;nucleo di tracto solitario;ia;;;;;
nervioso;Nucleus of trochlear nerve;Núcleo del nervio troclear;Nucleus nervi trochlearis;kern van de n. trochlearis;ia;;nucleo di nervio troclear;ia;;;;;
nervioso;Nucleus proprius;Núcleo propio;Nucleus proprius;nucleus proprius;ia;;nucleo propio;ia;;;;;
nervioso;Obturator nerve;Nervio obturador;Nervus obturatorius;nervus obturatorius;wikipedia-nl;;nervio obturador;ia;;;;;
nervioso;Occipital pole;Polo occipital;Polus occipitalis;polus occipitalis;ia;;polo occipital;ia;;;;;
nervioso;Occipitotemporal sulcus (Lateral part*);;;sulcus occipitotemporalis (lateraal deel*);ia;;surco occipitotemporal (parti lateral*);ia;;;;;
nervioso;Oculomotor nerve (III);Nervio oculomotor (III);Nervus oculomotorius (III);nervus oculomotorius;wikipedia-nl;nervus oculomotorius (III);nervio oculomotor (III);ia;;;;;
nervioso;Olfactory nerve (I);Nervio olfatorio (I);Nervus olfactorius (I);nervus olfactorius;wikipedia-nl;reukzenuw (I);nervio olfatorio (I);ia;;;;;
nervioso;Olfactory sulcus;Surco olfatorio;Sulcus olfactorius;sulcus olfactorius;ia;reukbaan;surco olfatorio;ia;;;;;
nervioso;Olive;Oliva;Oliva;olijf;ia;olijf;oliva;ia;;;;;
nervioso;Opercular part of inferior frontal gyrus;Parte opercular del giro frontal inferior;Pars opercularis gyri frontalis inferioris;pars opercularis van de gyrus frontalis inferior;ia;;parti opercular di giro frontal inferior;ia;;;;;
nervioso;Ophthalmic nerve;Nervio oftálmico;Nervus ophthalmicus;nervus ophthalmicus;wikipedia-nl;;nervio oftalmico;ia;;;;;
nervioso;Optic chiasm;Quiasma óptico;Chiasma opticum;chiasma opticum;wikipedia-nl;;quiasma optico;ia;;;;;
nervioso;Optic nerve (II);Nervio óptico (II);Nervus opticus (II);nervus opticus;wikipedia-nl;oogzenuw (II);nervio optico (II);ia;;;;;
nervioso;Optic tract;Tracto óptico;Tractus opticus;tractus opticus;ia;;tracto optico;ia;;;;;
nervioso;Orbital gyri;Giros orbitales;Gyri orbitales;gyri orbitales;wikipedia-nl;;gironan orbital;ia;;;;;
nervioso;Orbital gyri (Frontomarginal gyrus and sulcus*);;;gyri orbitales;wikipedia-nl;gyri orbitales (gyrus en sulcus frontomarginalis*);gironan orbital (giro y surco frontomarginal*);ia;;;;;
nervioso;Orbital part of  inferior frontal gyrus;;;pars orbitalis van de gyrus frontalis inferior;ia;;parti orbital di giro frontal inferior;ia;;;;;
nervioso;Orbital sulci (H-shaped orbital sulci*);;;sulci orbitales (H-vormige sulci orbitales*);ia;;surconan orbital (surconan orbital na forma di H*);ia;;;;;
nervioso;Orbital sulci (Lateral Orbital sulcus*);;;sulci orbitales (sulcus orbitalis lateralis*);ia;;surconan orbital (surco orbital lateral*);ia;;;;;
nervioso;Palmar branch of median nerve;Rama palmar del nervio mediano;Ramus palmaris nervi mediani;ramus palmaris van de n. medianus;ia;;rama palmar di nervio mediano;ia;;;;;
nervioso;Palmar branch of ulnar nerve;Rama palmar del nervio ulnar;Ramus palmaris nervi ulnaris;ramus palmaris van de n. ulnaris;ia;;rama palmar di nervio ulnar;ia;;;;;
nervioso;Paracentral gyrus and sulcus*;;;gyrus en sulcus paracentralis*;ia;sulcus paracentros;giro y surco paracentral*;ia;;;;;
nervioso;Paracentral sulcus;Surco paracentral;Sulcus paracentralis;sulcus paracentralis;ia;;surco paracentral;ia;;;;;
nervioso;Parieto-occipital sulcus;Surco parieto-occipital;Sulcus parietooccipitalis;sulcus parietooccipitalis;wikipedia-nl;sulcus parieto-occipitalis;surco parieto-occipital;ia;;;;;
nervioso;Peduncle of flocculus;Pedúnculo del flóculo;Pedunculus flocculi;pedunculus flocculi;ia;;pedunculo di floculo;ia;;;;;
nervioso;Pons;Puente troncoencefálico;Pons;pons;wikipedia-nl;;pons;ia;;;;;
nervioso;Postcentral gyrus;Giro poscentral;Gyrus postcentralis;gyrus postcentralis;wikipedia-nl;;giro poscentral;ia;;;;;
nervioso;Postcentral sulcus;Surco poscentral;Sulcus postcentralis;sulcus postcentralis;wikipedia-nl;;surco poscentral;ia;;;;;
nervioso;Posterior antebrachial cutaneous nerve;Nervio cutáneo antebraquial posterior;Nervus cutaneus posterior antebrachii;nervus cutaneus antebrachii posterior;ia;;nervio cutaneo antebraquial posterior;ia;;;;;
nervioso;Posterior branch of medial antebrachial cutaneous nerve;Rama posterior del nervio cutáneo antebraquial medial;Ramus posterior nervi cutanei medialis antebrachii;ramus posterior van de n. cutaneus antebrachii medialis;ia;;rama posterior di nervio cutaneo antebraquial medial;ia;;;;;
nervioso;Posterior branch of obturator nerve;Rama posterior del nervio obturador;Ramus posterior nervi obturatorii;ramus posterior van de n. obturatorius;ia;;rama posterior di nervio obturador;ia;;;;;
nervioso;Posterior cochlear nucleus;Núcleo coclear posterior;Nucleus cochlearis posterior;nucleus cochlearis posterior;ia;;nucleo coclear posterior;ia;;;;;
nervioso;Posterior commissure;Comisura posterior;Commissura posterior;commissura posterior;ia;;comisura posterior;ia;;;;;
nervioso;Posterior cord of brachial plexus;Fascículo posterior del plexo braquial;Fasciculus posterior plexus brachialis;fasciculus posterior van de plexus brachialis;ia;;fasciculo posterior di plexo braquial;ia;;;;;
nervioso;Posterior division of inferior trunk of brachial plexus;División posterior del tronco inferior del plexo braquial;Divisio posterior trunci inferioris plexus brachialis;achterste divisie van de onderste truncus van de plexus brachialis;ia;;division posterior di tronco inferior di plexo braquial;ia;;;;;
nervioso;Posterior division of mandibular nerve;División posterior del nervio mandibular;Divisio posterior nervi mandibularis;achterste divisie van de n. mandibularis;ia;;division posterior di nervio mandibular;ia;;;;;
nervioso;Posterior division of middle trunk of brachial plexus;División posterior del tronco medio del plexo braquial;Divisio posterior trunci medii plexus brachialis;achterste divisie van de middelste truncus van de plexus brachialis;ia;;division posterior di tronco medio di plexo braquial;ia;;;;;
nervioso;Posterior division of superior trunk of brachial plexus;División posterior del tronco superior del plexo braquial;Divisio posterior trunci superioris plexus brachialis;achterste divisie van de bovenste truncus van de plexus brachialis;ia;;division posterior di tronco superior di plexo braquial;ia;;;;;
nervioso;Posterior fasciculus proprius;Fascículo posterior propio;Fasciculus proprius posterior;fasciculus proprius posterior;ia;;fasciculo propio posterior;ia;;;;;
nervioso;Posterior femoral cutaneous nerve;Nervio cutáneo femoral posterior;Nervus cutaneus posterior femoris;nervus cutaneus femoris posterior;ia;;nervio cutaneo femoral posterior;ia;;;;;
nervioso;Posterior horn of spinal cord;Cuerno posterior de la médula espinal;Cornu posterius medullae spinalis;achterhoorn van het ruggenmerg;ia;;cuerno posterior di medula espinal;ia;;;;;
nervioso;Posterior interosseous nerve of forearm;Nervio interóseo posterior del antebrazo;Nervus interosseus posterior antebrachii;nervus interosseus antebrachii posterior;ia;;nervio interoseo posterior di antebraso;ia;;;;;
nervioso;Posterior nucleus of vagus nerve;Núcleo posterior del nervio vago;Nucleus posterior nervi vagi;nucleus posterior van de n. vagus;ia;;nucleo posterior di nervio vago;ia;;;;;
nervioso;Posterior quadrangular lobule;Lóbulo cuadrangular posterior;Lobulus quadrangularis posterior;lobulus quadrangularis posterior;ia;;lobulo cuadrangular posterior;ia;;;;;
nervioso;Posterior root of posterior femoral cutaneous nerve;Raíz posterior del nervio cutáneo femoral posterior;Radix posterior nervi cutanei posterioris femoris;achterste wortel van de n. cutaneus femoris posterior;ia;;rais posterior di nervio cutaneo femoral posterior;ia;;;;;
nervioso;Posterior root of spinal nerve;Raíz posterior del nervio espinal;Radix posterior nervi spinalis;achterwortel van de spinale zenuw;ia;;rais posterior di nervio espinal;ia;;;;;
nervioso;Posterior segment of eyeball;Segmento posterior del globo ocular;Segmentum posterius bulbi oculi;achterste oogsegment;ia;;segmento posterior di wowo;ia;;;;;
nervioso;Posterior spinocerebellar tract;Tracto espinocerebeloso posterior;Tractus spinocerebellaris posterior;tractus spinocerebellaris posterior;ia;;tracto espinocerebeloso posterior;ia;;;;;
nervioso;Posterior transverse collateral sulcus;;;achterste dwarse sulcus collateralis;ia;;surco colateral transverso posterior;ia;;;;;
nervioso;Posterolateral tract;Tracto posterolateral;Fasciculus posterolateralis;tractus posterolateralis;ia;;tracto posterolateral;ia;;;;;
nervioso;Precentral gyrus;Giro precentral;Gyrus precentralis;gyrus precentralis;wikipedia-nl;;giro precentral;ia;;;;;
nervioso;Precentral sulcus (Superior part)*;;;sulcus precentralis;wikipedia-nl;sulcus precentralis (bovenste deel)*;surco precentral (parti superior)*;ia;;;;;
nervioso;Precentral sulcus (inferior part)*;;;sulcus precentralis;wikipedia-nl;sulcus precentralis (onderste deel)*;surco precentral (parti inferior)*;ia;;;;;
nervioso;Precuneus;Precuneus;Precuneus;precuneus;wikipedia-nl;;precuneo;ia;;;;;
nervioso;Proper palmar digital branches of median nerve;Ramas digitales palmares propias del nervio mediano;Rami digitales palmares proprii nervi mediani;nervi digitales palmares proprii van de n. medianus;ia;;ramanan digital palmar propio di nervio mediano;ia;;;;;
nervioso;Proper palmar digital branches of ulnar nerve;Ramas digitales palmares propias del nervio ulnar;Rami digitales palmares proprii nervi ulnaris;nervi digitales palmares proprii van de n. ulnaris;ia;;ramanan digital palmar propio di nervio ulnar;ia;;;;;
nervioso;Proper plantar digital branches of lateral plantar nerve;Ramas digitales plantares propias del nervio plantar lateral;Rami digitales plantares proprii nervi plantaris lateralis;nervi digitales plantares proprii van de n. plantaris lateralis;ia;;ramanan digital plantar propio di nervio plantar lateral;ia;;;;;
nervioso;Proper plantar digital branches of medial plantar nerve;Ramas digitales plantares propias del nervio plantar medial;Rami digitales plantares proprii nervi plantaris medialis;nervi digitales plantares proprii van de n. plantaris medialis;ia;;ramanan digital plantar propio di nervio plantar medial;ia;;;;;
nervioso;Pudendal nerve;Nervio pudendo;Nervus pudendalis;nervus pudendus;ia;;nervio pudendo;ia;;;;;
nervioso;Putamen;Putamen;Putamen;putamen;wikipedia-nl;;putamen;ia;;;;;
nervioso;Pyramid of medulla oblongata;Pirámide del bulbo raquídeo;Pyramis medullae oblongatae;piramide van het verlengde merg;ia;;piramide di medula oblongata;ia;;;;;
nervioso;Pyramis of vermis;Pirámide del vermis;Pyramis vermis;pyramis vermis;ia;;piramide di vermis;ia;;;;;
nervioso;Radial nerve;Nervio radial;Nervus radialis;nervus radialis;wikipedia-nl;;nervio radial;ia;;;;;
nervioso;Red nucleus;Núcleo rojo;Nucleus ruber;nucleus ruber;ia;;nucleo rojo;ia;;;;;
nervioso;Retina;Retina;Retina;netvlies;wikipedia-nl;;retina;ia;;;;;
nervioso;Roots of brachial plexus;Raíces del plexo braquial;Radices plexus brachialis;wortels van de plexus brachialis;ia;plexus brachialis;raisnan di plexo braquial;ia;;;;;
nervioso;Rubrospinal tract;Tracto rubroespinal;Tractus rubrospinalis;tractus rubrospinalis;ia;;tracto rubroespinal;ia;;;;;
nervioso;Saphenous nerve;Nervio safeno;Nervus saphenus;nervus saphenus;ia;;nervio safeno;ia;;;;;
nervioso;Sciatic nerve;Nervio ciático;Nervus ischiadicus;nervus ischiadicus;wikipedia-nl;heupzenuw;nervio ciatico;ia;;;;;
nervioso;Sclera;Esclera;Sclera;sclera;wikipedia-nl;harde oogrok;esclera;ia;;;;;
nervioso;Sensory root of trigeminal nerve;Raíz sensorial del nervio trigémino;Radix sensoria nervi trigemini;sensibele wortel van de nervus trigeminus;ia;;raiz sensorial di nervio trigemino;ia;;;;;
nervioso;Septal nuclei;Núcleos septales;Nuclei septales;septale kernen;ia;;nucleo septal;ia;;;;;
nervioso;Septum pellucidum;Septum pellucidum;Septum pellucidum;septum pellucidum;wikipedia-nl;;septum pellucidum;ia;;;;;
nervioso;Spinal dura;Dura espinal;Dura spinalis;spinale dura mater;ia;hard hersenvlies;dura espinal;ia;;;;;
nervioso;Spinal ganglion;Ganglio espinal;Ganglion spinale;spinaal ganglion;ia;;ganglio espinal;ia;;;;;
nervioso;Spinal reticular process;Proceso reticular espinal;Processus reticularis spinalis;processus reticularis spinalis;ia;;proceso reticular espinal;ia;;;;;
nervioso;Spinotectal tract;Tracto spinotectal;Tractus spinotectalis;tractus spinotectalis;ia;;tracto espinotectal;ia;;;;;
nervioso;Straight gyrus (Gyrus rectus);;;gyrus rectus;wikipedia-nl;;giro recto (gyrus rectus);ia;;;;;
nervioso;Stria medullaris thalami;Estrías talámicas medulares;Stria medullaris thalami;stria medullaris thalami;ia;;stria medullaris thalami;ia;;;;;
nervioso;Stria terminalis;Stria terminalis;Stria terminalis;stria terminalis;ia;;stria terminalis;ia;;;;;
nervioso;Subclavian nerve;Nervio subclavio;Nervus subclavius;nervus subclavius;ia;;nervio subclavio;ia;;;;;
nervioso;Subparietal sulcus;Surco subparietal;Sulcus subparietalis;sulcus subparietalis;wikipedia-nl;;surco subparietal;ia;;;;;
nervioso;Sulcus interm_prim-Jensen;;;sulcus intermedius primus (Jensen);ia;;surco intermedio primario (Jensen);ia;;;;;
nervioso;Superficial branch of radial nerve;Rama superficial del nervio radial;Ramus superficialis nervi radialis;oppervlakkige tak van de nervus radialis;ia;;rama superficial di nervio radial;ia;;;;;
nervioso;Superficial branch of ulnar nerve;Rama superficial del nervio ulnar;Ramus superficialis nervi ulnaris;oppervlakkige tak van de nervus ulnaris;ia;;rama superficial di nervio ulnar;ia;;;;;
nervioso;Superficial fibular nerve;Nervio fibular superficial;Nervus fibularis superficialis;nervus fibularis superficialis;ia;;nervio fibular superficial;ia;;;;;
nervioso;Superior cerebellar peduncle;Pedúnculo cerebeloso superior;Pedunculus cerebellaris superior;bovenste kleinehersensteel;ia;;pedunculo cerebelar superior;ia;;;;;
nervioso;Superior colliculus;Colículo superior;Colliculus superior;colliculus superior;ia;;coliculo superior;ia;;;;;
nervioso;Superior frontal gyrus;Giro frontal superior;Gyrus frontalis superior;gyrus frontalis superior;wikipedia-nl;;giro frontal superior;ia;;;;;
nervioso;Superior frontal sulcus;Surco frontal superior;Sulcus frontalis superior;sulcus frontalis superior;wikipedia-nl;;surco frontal superior;ia;;;;;
nervioso;Superior gluteal nerve;Nervio glúteo superior;Nervus gluteus superior;nervus gluteus superior;ia;;nervio gluteo superior;ia;;;;;
nervioso;Superior lateral brachial cutaneous nerve;Nervio cutáneo braquial lateroposterior;Nervus cutaneus lateralis posterioris femoris;nervus cutaneus brachii lateralis superior;ia;nervus cutaneus brachii lateralis superior;nervio cutaneo braquial lateral superior;ia;;;;;
nervioso;Superior occipital gyri;Giros occipitales superiores;Gyri occipitales superiores;gyri occipitales superiores;ia;;giro occipital superior;ia;;;;;
nervioso;Superior parietal lobule;Lóbulo parietal superior;Lobulus parietalis superior;lobulus parietalis superior;wikipedia-nl;;lobulo parietal superior;ia;;;;;
nervioso;Superior salivatory nucleus;Núcleo salival superior;Nucleus salivatorius superior;nucleus salivatorius superior;ia;;nucleo salival superior;ia;;;;;
nervioso;Superior semilunar lobule;Lóbulo semilunar superior;Lobulus semilunaris superior;lobulus semilunaris superior;ia;;lobulo semilunar superior;ia;;;;;
nervioso;Superior subscapular nerve;Nervio subescapular superior;Nervus subscapularis superior;nervus subscapularis superior;ia;;nervio subescapular superior;ia;;;;;
nervioso;Superior temporal gyrus (Lateral part);;;gyrus temporalis superior;wikipedia-nl;gyrus temporalis superior (laterale deel);giro temporal superior (parti lateral);ia;;;;;
nervioso;Superior temporal sulcus;Surco temporal superior;Sulcus temporalis superior;sulcus temporalis superior;wikipedia-nl;;surco temporal superior;ia;;;;;
nervioso;Superior trunk of brachial plexus;Tronco superior del plexo braquial;Truncus superior plexus brachialis;truncus superior van de plexus brachialis;ia;;tronco superior di plexo braquial;ia;;;;;
nervioso;Supramarginal gyrus;Giro supramarginal;Gyrus supramarginalis;gyrus supramarginalis;wikipedia-nl;;giro supramarginal;ia;;;;;
nervioso;Suprascapular nerve;Nervio supraescapular;Nervus suprascapularis;nervus suprascapularis;ia;;nervio supraescapular;ia;;;;;
nervioso;Sural communicating branch of common fibular nerve;Rama sural comunicante del nervio fibular común;Ramus communicans suralis nervi fibularis communis;ramus communicans suralis van de nervus fibularis communis;ia;;rama comunicante sural di nervio fibular comun;ia;;;;;
nervioso;Sural nerve;Nervio sural;Nervus suralis;nervus suralis;ia;;nervio sural;ia;;;;;
nervioso;Suspensory ligament of eyeball;Ligamento suspensorio del globo ocular;Ligamentum suspensorium bulbi;ligamentum suspensorium bulbi;ia;;ligamento suspensorio di wowo;ia;;;;;
nervioso;Sympathetic nerves;Nervios simpáticos;Nervi sympathici;sympathische zenuwen;ia;orthosympathisch zenuwstelsel;nervionan simpatico;ia;;;;;
nervioso;Sympathetic trunk;Tronco simpático;Truncus sympathicus;grensstreng;ia;;tronco simpatico;ia;;;;;
nervioso;Tectospinal tract;Tracto tectoespinal;Tractus tectospinalis;tractus tectospinalis;ia;;tracto tectoespinal;ia;;;;;
nervioso;Temporal plane;Plano temporal;Planum temporale;planum temporale;ia;gyrus temporalis superior;plano temporal;ia;;;;;
nervioso;Temporal pole;Polo temporal;Polus temporalis;temporale pool;ia;;polo temporal;ia;;;;;
nervioso;Tentorium cerebelli;Tienda del cerebello;Tentorium cerebelli;tentorium cerebelli;ia;tentorium cerebelli;tentorio di cerebelo;ia;;;;;
nervioso;Thalamus;Tálamo;Thalamus;thalamus;wikipedia-nl;;talamo;ia;;;;;
nervioso;Third ventricle;Tercer ventrículo;Ventriculus tertius;derde ventrikel;wikipedia-nl;;tercer ventriculo;ia;;;;;
nervioso;Thoracodorsal nerve;Nervio toracodorsal;Nervus thoracodorsalis;nervus thoracodorsalis;ia;;nervio toracodorsal;ia;;;;;
nervioso;Tibial nerve;Nervio tibial;Nervus tibialis;scheenbeenzenuw;wikipedia-nl;nervus tibialis;nervio tibial;ia;;;;;
nervioso;Tonsil of cerebellum;Amígdala del cerebelo;Tonsilla cerebelli;tonsilla cerebelli;ia;;amigdala di cerebelo;ia;;;;;
nervioso;Transverse frontopolar gyrus and sulcus*;Giro y surco frontopolar transverso;Gyrus et sulcus transversus frontopolar;gyrus en sulcus frontopolaris transversus*;ia;;giro y surco frontopolar transverso*;ia;;;;;
nervioso;Transverse occipital sulcus;Surco occipital transversal;Sulcus occipitalis transversus;sulcus occipitalis transversus;ia;;surco occipital transverso;ia;;;;;
nervioso;Transverse temporal gyri;Giros temporales transversos;Gyri temporales transversi;gyri temporales transversi;ia;;giro temporal transverso;ia;;;;;
nervioso;Triangular part of inferior frontal gyrus;Parte triangular del giro frontal inferior;Pars triangularis gyri frontalis inferioris;pars triangularis van de gyrus frontalis inferior;ia;gyrus frontalis inferior;parti triangular di giro frontal inferior;ia;;;;;
nervioso;Trigeminal nerve (V);Nervio trigémino (V);Nervus trigeminus (V);nervus trigeminus;wikipedia-nl;nervus trigeminus (V);nervio trigemino (V);ia;;;;;
nervioso;Trochlear nerve (IV);Nervio troclear (IV);Nervus trochlearis (IV);nervus trochlearis;wikipedia-nl;nervus trochlearis (IV);nervio troclear (IV);ia;;;;;
nervioso;Tuber of vermis;Tubérculo del vermis;Tuber vermis;tuber vermis;ia;;tuber di vermis;ia;;;;;
nervioso;Tympanic membrane;Membrana timpánica;Membrana tympanica;trommelvlies;ia;trommelvlies;membrana timpanico;ia;;;;;
nervioso;Ulnar nerve;Nervio ulnar;Nervus ulnaris;elleboogzenuw;wikipedia-nl;nervus ulnaris;nervio ulnar;ia;;;;;
nervioso;Uvula of vermis;Úvula del vermis;Uvula vermis;uvula vermis;ia;;uvula di vermis;ia;;;;;
nervioso;Vagus nerve (X);Nervio vago (X);Nervus vagus (X);nervus vagus;wikipedia-nl;nervus vagus (X);nervio vago (X);ia;;;;;
nervioso;Vestibular nerve;Nervio vestibular;Nervus vestibularis;nervus vestibularis;wikipedia-nl;;nervio vestibular;ia;;;;;
nervioso;Vestibular nuclei;Núcleos vestibulares;Nuclei vestibulares;vestibulaire kernen;ia;;nucleo vestibular;ia;;;;;
nervioso;Vestibule;Vestíbulo;Vestibulum;vestibulum;ia;;vestibulo;ia;;;;;
nervioso;Vestibulocochlear nerve (VIII);Nervio vestibulococlear (VIII);Nervus vestibulocochlearis (VIII);nervus vestibulocochlearis;wikipedia-nl;nervus vestibulocochlearis (VIII);nervio vestibulococlear (VIII);ia;;;;;
nervioso;Vitreous body;Cuerpo vitreo;Corpus vitreum;glasachtig lichaam;wikipedia-nl;;cuerpo vitreo;ia;;;;;
nervioso;White matter of spinal cord;Sustancia blanca de la médula espinal;Substantia alba medullae spinalis;witte stof van het ruggenmerg;ia;ruggenmerg;sustancia blanco di medula espinal;ia;;;;;
nervioso;White matter of telencephalon;Sustancia blanca del telencéfalo;Substantia alba telencephali;witte stof van het telencephalon;ia;witte stof;sustancia blanco di telencefalo;ia;;;;;
nervioso;Wing of central lobule;Ala del lóbulo central;Ala lobuli centralis;ala lobuli centralis;ia;;ala di lobulo central;ia;;;;;
nervioso;Zonular fibres;Fibras zonulares;Fibrae zonulares;zonulavezels;ia;;fibra zonular;ia;;;;;
regiones;Anal region;Región anal;Regio analis;anale regio;ia;;region anal;ia;;;;;
regiones;Angle of mouth;Ángulo de la boca;Angulus oris;mondhoek;ia;;angulo di boca;ia;;;;;
regiones;Anterior notch of auricle;Incisura anterior de la oreja;Incisura anterior auriculae;incisura anterior van de oorschelp;ia;;incisura anterior di orea;ia;;;;;
regiones;Anterior region of ankle;Región anterior del tobillo;Regio anterior tali;voorste enkelregio;ia;;region anterior di enkel;ia;;;;;
regiones;Anterior region of arm;Región anterior del brazo;Regio anterior brachii;voorste bovenarmregio;ia;;region anterior di brasa;ia;;;;;
regiones;Anterior region of elbow;Región anterior del codo;Regio anterior cubiti;voorste elleboogregio;ia;;region anterior di codo;ia;;;;;
regiones;Anterior region of forearm;Región anterior del antebrazo;Regio anterior antebrachii;voorste onderarmregio;ia;;region anterior di antebraso;ia;;;;;
regiones;Anterior region of knee;Región anterior de la rodilla;Regio anterior genus;voorste knieregio;ia;;region anterior di rudia;ia;;;;;
regiones;Anterior region of leg;Región anterior de la pierna;Regio anterior cruris;voorste onderbeenregio;ia;;region anterior di pia;ia;;;;;
regiones;Anterior region of thigh;Región anterior del muslo;Regio anterior femoris;voorste dijregio;ia;;region anterior di muslo;ia;;;;;
regiones;Anterior region of wrist;Región anterior de la muñeca;Regio anterior carpi;voorste polsregio;ia;;region anterior di pols;ia;;;;;
regiones;Antihelix;Antihélix;Antihelix;antihelix;ia;;antihelix;ia;;;;;
regiones;Antitragus;Antitrago;Antitragus;antitragus;ia;;antitrago;ia;;;;;
regiones;Apex of auricle;Ápice de la oreja;Apex auriculae;top van de oorschelp;ia;;apex di orea;ia;;;;;
regiones;Auricular region;Región auricular;Regio auricularis;oorschelpregio;ia;;region auricular;ia;;;;;
regiones;Auricular tubercle;Tubérculo auricular;Tuberculum auriculae;tuberculum auriculae;ia;;tuberculo auricular;ia;;;;;
regiones;Buccal region;Región bucal;Regio buccalis;wangregio;ia;;region bucal;ia;;;;;
regiones;Carotid triangle;Tigone carotídeo;Trigonum caroticum;trigonum caroticum;ia;;triangulo carotideo;ia;;;;;
regiones;Cavity of concha;Cavidad de la concha;Cavitas conchae;cavum conchae;ia;;cavidad di concha;ia;;;;;
regiones;Concha of auricle;Concha de la oreja;Concha auriculae;concha auriculae;ia;;concha di orea;ia;;;;;
regiones;Crura of antihelix;Cola de la antihélix;Crura antihelicis;crura antihelicis;ia;;crura di antihelix;ia;;;;;
regiones;Cubital fossa;Pliegue del codo;Fossa cubitalis;fossa cubitalis;ia;;fosa cubital;ia;;;;;
regiones;Cymba conchae;Cymba concha;Cymba conchae;cymba conchae;ia;;cymba conchae;ia;;;;;
regiones;Deltoid region;Región deltoidea;Regio deltoidea;deltoideusregio;ia;;region deltoideo;ia;;;;;
regiones;Deltopectoral triangle;Triángulo deltopectoral;Trigonum deltopectorale;trigonum deltopectorale;ia;;triangulo deltopectoral;ia;;;;;
regiones;Distal transverse arch of foot;Arco transverso distal del pie;Arcus transversus distalis pedis;distale dwarse voetboog;ia;;arco transverso distal di pia;ia;;;;;
regiones;Dorsal surfaces of digits of foot;Regiones dorsales de los dedos del pie;Facies dorsales digitorum;dorsale vlakken van de tenen;ia;;superficie dorsal di dede di pia;ia;;;;;
regiones;Dorsal surfaces of digits of hand;Superficies dorsales de los dedos de la mano;Facies dorsales digitorum manus;dorsale vlakken van de vingers;ia;;superficie dorsal di dede di man;ia;;;;;
regiones;Dorsum of foot;Parte posterior del pie;Dorsum pedis;voetrug;ia;;dorso di pia;ia;;;;;
regiones;Dorsum of hand;Detrás de la mano;Dorsum manus;handrug;ia;;dorso di man;ia;;;;;
regiones;Eminentia conchae;Eminencia de la concha;Eminentia conchae;eminentia conchae;ia;;eminentia conchae;ia;;;;;
regiones;Eminentia fossae triangularis;Eminencia de la fosa triangular;Eminentia fossae triangularis;eminentia fossae triangularis;ia;;eminentia fossae triangularis;ia;;;;;
regiones;Eminentia scaphae;Eminencia escafoides;Eminentia scaphae;eminentia scaphae;ia;;eminentia scaphae;ia;;;;;
regiones;Epigastric region;Región epigástrica;Regio epigastrica;epigastrische regio;ia;;region epigastrico;ia;;;;;
regiones;Eyebrow;Supercilio;Supercilium;wenkbrauw;wikipedia-nl;;wenkbrauw;ia;;;;;
regiones;Eyelashes;Pestañas;Cilia;wimpers;ia;wimper;pestaña;ia;;;;;
regiones;Femoral triangle;Triángulo de scarpa;Trigonum femorale;trigonum femorale mediale;wikipedia-nl;trigonum femorale;triangulo femoral;ia;;;;;
regiones;Fossa antihelica;Fosa del antehélix;Fossa antihelica;fossa antihelica;ia;;fosa antihelica;ia;;;;;
regiones;Frontal region;Región frontal;Regio frontalis;voorhoofdsregio;ia;;region frontal;ia;;;;;
regiones;Gluteal fold;Pliegue glúteo;Sulcus gluteus;bilplooi;ia;;pliegue gluteo;ia;;;;;
regiones;Gluteal region;Región glútea;Regio glutea;bilregio;ia;;region gluteo;ia;;;;;
regiones;Greater supraclavicular fossa;Fosa supraclavicular mayor;Fossa supraclavicularis major;fossa supraclavicularis major;ia;;fosa supraclavicular mayor;ia;;;;;
regiones;Hairs of eyebrow;Pelos de ceja;Pili supercilii;wenkbrauwharen;ia;;cabei di wenkbrauw;ia;;;;;
regiones;Hairs of head;Cabellos;Capilli;hoofdhaar;ia;;cabei di cabes;ia;;;;;
regiones;Hallucial eminence;Eminencia del hallux;Eminentia hallucis;eminentia hallucis;ia;;eminencia di hallux;ia;;;;;
regiones;Heel region;Área del talón;Regio calcanea;hielregio;ia;;region di hilchi;ia;;;;;
regiones;Helix;Hélix;Helix;helix;ia;;helix;ia;;;;;
regiones;Hip region;Región de la cadera;Regio coxalis;heupregio;ia;;region di cadera;ia;;;;;
regiones;Hypochondriac region;Region hipocondriaca;Regio hypochondriaca;hypochondrische regio;ia;;region hipocondriaco;ia;;;;;
regiones;Hypogastric region;Región hipogástrica;Regio hypogastrica;hypogastrische regio;ia;;region hipogastrico;ia;;;;;
regiones;Infra-orbital region;Región infraorbitaria;Regio infraorbitalis;infraorbitale regio;ia;;region infraorbital;ia;;;;;
regiones;Infraclavicular fossa;Fosa infraclavicular;Fossa infraclavicularis;fossa infraclavicularis;ia;;fosa infraclavicular;ia;;;;;
regiones;Inframammary region;Región intermamaria;Regio inframammaria;inframammaire regio;ia;;region inframamario;ia;;;;;
regiones;Infrascapular region;Región infraescapular;Regio infrascapularis;infrascapulaire regio;ia;;region infraescapular;ia;;;;;
regiones;Inguinal region;Región inguinal;Regio inguinalis;liesregio;ia;lies;region inguinal;ia;;;;;
regiones;Interscapular region;Región interescapular;Interscapulare regionis;interscapulaire regio;ia;;region interescapular;ia;;;;;
regiones;Intertragic incisure;Incisura intertrágica;Incisura intertragica;incisura intertragica;ia;;incisura intertragica;ia;;;;;
regiones;Labial commissure;Comisura labial de la boca;Commissura labiorum oris;mondhoekcommissuur;ia;;comisura labial;ia;;;;;
regiones;Lateral bicipital groove;Surco bicipital lateral;Sulcus bicipitalis lateralis;sulcus bicipitalis lateralis;ia;;surco bicipital lateral;ia;;;;;
regiones;Lateral border of foot;Margen lateral del pie;Margo lateralis pedis;laterale voetrand;ia;;borde lateral di pia;ia;;;;;
regiones;Lateral border of forearm;Borde lateral del antebrazo;Margo lateralis antebrachii;laterale onderarmrand;ia;;borde lateral di antebraso;ia;;;;;
regiones;Lateral malleolus;Maléolo lateral;Malleolus lateralis;buitenenkel;ia;;maleolo lateral;ia;;;;;
regiones;Lateral part of longitudinal arch of foot;Parte lateral del arco longitudinal del pie;Pars lateralis arcus longitudinalis pedis;laterale deel van de lengteboog van de voet;ia;;parti lateral di arco longitudinal di pia;ia;;;;;
regiones;Lateral region of abdomen;Región lateral del abdomen;Regio lateralis abdominis;laterale buikregio;ia;;region lateral di barica;ia;;;;;
regiones;Lateral region of neck;Región lateral del cuello;Regio lateralis colli;laterale halsregio;ia;;region lateral di garganta;ia;;;;;
regiones;Lateral region of thorax;Región lateral del tórax;Regio lateralis thoracis;laterale borstregio;ia;;region lateral di pecho;ia;;;;;
regiones;Lateral retromalleolar region;Región retromalleolar lateral;Regio retromalleolaris lateralis regio;laterale retromalleolaire regio;ia;;region retromaleolar lateral;ia;;;;;
regiones;Lesser supraclavicular fossa;Fosa supraclavicular menor;Fossa supraclavicularis minor;fossa supraclavicularis minor;ia;;fosa supraclavicular menor;ia;;;;;
regiones;Lobule of auricle;Lóbulo de la oreja;Lobulus auriculae;oorlel;ia;;lobulo di orea;ia;;;;;
regiones;Lumbar region;Región lumbar;Regio lumbalis;lendenregio;ia;;region lumbar;ia;;;;;
regiones;Mammary region;Región mamaria;Regio mammaria;borstklierregio;ia;borst;region mamario;ia;;;;;
regiones;Mastoid region;Región mastoidea;Regio mastoidea;mastoidale regio;ia;;region mastoideo;ia;;;;;
regiones;Medial bicipital groove;Surco bicipital medial;Sulcus bicipitalis medialis;sulcus bicipitalis medialis;ia;;surco bicipital medial;ia;;;;;
regiones;Medial border of foot;Margen medial del pie;Margo medialis pedis;mediale voetrand;ia;;borde medial di pia;ia;;;;;
regiones;Medial border of forearm;Borde medial del antebrazo;Margo medialis antebrachii;mediale onderarmrand;ia;;borde medial di antebraso;ia;;;;;
regiones;Medial malleolus;Maléolo medial;Malleolus medialis;binnenenkel;ia;;maleolo medial;ia;;;;;
regiones;Medial part of longitudinal arch of foot;Parte medial del arco longitudinal del pie;Pars medialis arcus longitudinalis pedis;mediale deel van de lengteboog van de voet;ia;;parti medial di arco longitudinal di pia;ia;;;;;
regiones;Medial retromalleolar region;Región retromaleolar medial;Regio retromalleolaris medialis regio;mediale retromalleolaire regio;ia;;region retromaleolar medial;ia;;;;;
regiones;Mental region;Región de la barbilla;Regio mentalis;kinregio;ia;;region mental;ia;;;;;
regiones;Mentolabial sulcus;Surco mentonlabial;Sulcus mentolabialis;sulcus mentolabialis;ia;;surco mentolabial;ia;;;;;
regiones;Metatarsal region;Region metatarsiana;Regio metatarsea;middenvoetregio;ia;;region metatarsal;ia;;;;;
regiones;Muscular triangle;Tígono muscular;Trigonum musculare;trigonum musculare;ia;;triangulo muscular;ia;;;;;
regiones;Nail plate;Lámina de la uña;Lamina unguis;nagelplaat;ia;;lamina di uña;ia;;;;;
regiones;Nail plate (foot);Lámina de la uña (pie);Lamina unguis (pedites);nagelplaat (voet);ia;;lamina di uña (pia);ia;;;;;
regiones;Nasal region;Región nasal;Regio nasalis;neusregio;ia;;region nasal;ia;;;;;
regiones;Nasolabial sulcus;Surco nasolabial;Sulcus nasolabialis;neuslippenplooi;ia;;surco nasolabial;ia;;;;;
regiones;Occipital region;Región occipital;Regio occipitalis;achterhoofdsregio;ia;;region occipital;ia;;;;;
regiones;Oral region;Región oral;Regio oralis;mondregio;ia;;region oral;ia;;;;;
regiones;Orbital region;Región orbital;Regio orbitalis;oogkasregio;ia;;region orbital;ia;;;;;
regiones;Palm;Palma;Palma;palm;wikipedia-nl;handpalm;planta di man;ia;;;;;
regiones;Palmar surfaces of digits of hand;Superficies palmares de los dedos de la mano;Facies palmares digitorum manus;palmaire vlakken van de vingers;ia;;superficie palmar di dede di man;ia;;;;;
regiones;Parietal region;Región parietal;Regio parietalis;pariëtale regio;ia;;region parietal;ia;;;;;
regiones;Parotideomasseteric region;Región parotidomasseterica;Regio parotideomasseterica;parotideomasseterische regio;ia;;region parotideomaseterico;ia;;;;;
regiones;Pectoral region;Región pectoral;Regio pectoralis;borstregio;ia;;region pectoral;ia;;;;;
regiones;Perionyx;Perionyx;Perionyx;perionyx;ia;;perionix;ia;;;;;
regiones;Perionyx (foot);Perionyx (pie);Perionyx (pedites);perionyx (voet);ia;;perionix (pia);ia;;;;;
regiones;Philtrum;Philtrum;Philtrum;filtrum;wikipedia-nl;philtrum;filtrum;ia;;;;;
regiones;Plantar surfaces of digits of foot;Superficies plantares de los dedos del pie;Facies plantares digitorum;plantaire vlakken van de tenen;ia;;superficie plantar di dede di pia;ia;;;;;
regiones;Popliteal fossa;Fosa poplítea;Fossa poplitea;knieholte;wikipedia-nl;;fosa poplitea;ia;;;;;
regiones;Posterior auricular groove;Surco auricular posterior;Sulcus posterior auriculae;sulcus posterior auriculae;ia;;surco auricular posterior;ia;;;;;
regiones;Posterior region of arm;Región posterior del brazo;Regio posterior brachii;achterste bovenarmregio;ia;;region posterior di brasa;ia;;;;;
regiones;Posterior region of elbow;Región posterior del codo;Regio posterior cubiti;achterste elleboogregio;ia;;region posterior di codo;ia;;;;;
regiones;Posterior region of forearm;Región posterior del antebrazo;Regio posterior antebrachii;achterste onderarmregio;ia;;region posterior di antebraso;ia;;;;;
regiones;Posterior region of knee;Región posterior de la rodilla;Regio posterior genus;achterste knieregio;ia;;region posterior di rudia;ia;;;;;
regiones;Posterior region of leg;Región posterior de la pierna;Regio posterior cruris;achterste onderbeenregio;ia;;region posterior di pia;ia;;;;;
regiones;Posterior region of neck;Región posterior del cuello;Regio posterior colli;nekregio;ia;;region posterior di garganta;ia;;;;;
regiones;Posterior region of thigh;Región posterior del muslo;Regio posterior femoris;achterste dijregio;ia;;region posterior di muslo;ia;;;;;
regiones;Posterior region of wrist;Región posterior de la muñeca;Regio posterior carpi;achterste polsregio;ia;;region posterior di pols;ia;;;;;
regiones;Presternal region;Región preesternal;Regio presternalis;presternale regio;ia;;region preesternal;ia;;;;;
regiones;Proximal transverse arch of foot;Arco transverso proximal del pie;Arcus transversus proximalis;proximale dwarse voetboog;ia;;arco transverso proximal di pia;ia;;;;;
regiones;Pubic hairs;Pelos púbicos;Pubes;schaamhaar;ia;;cabei pubico;ia;;;;;
regiones;Radial foveola;Tabaquera anatómica;Foveola radialis;tabatière anatomique;ia;;tabaquera anatomico;ia;;;;;
regiones;Sacral region;Región sacra;Regio sacralis;sacrale regio;ia;;region sacral;ia;;;;;
regiones;Scapha;Scapha;Scapha;scapha;ia;;scapha;ia;;;;;
regiones;Scapular region;Región escapular;Regio scapularis;schouderbladregio;ia;;region escapular;ia;;;;;
regiones;Sole;Planta;Planta;voetzool;ia;;planta di pia;ia;;;;;
regiones;Sternocleidomastoid region;Región esternocleidomastoidea;Regio sternocleidomastoidea;sternocleidomastoideusregio;ia;;region esternocleidomastoideo;ia;;;;;
regiones;Submandibular triangle;Trígono submandibular;Trigonum submandibulare;trigonum submandibulare;ia;;triangulo submandibular;ia;;;;;
regiones;Submental triangle;Trígono submental;Trigonum submentale;trigonum submentale;ia;;triangulo submental;ia;;;;;
regiones;Temporal region;Región temporal;Regio temporalis;slaapregio;ia;;region temporal;ia;;;;;
regiones;Tragus;Trago;Tragus;tragus;wikipedia-nl;;trago;ia;;;;;
regiones;Triangle of auscultation;Triángulo de auscultación;Trigonum auscultationis;trigonum auscultationis;ia;;triangulo di auscultacion;ia;;;;;
regiones;Triangular fossa;Fosa triangular;Fossa triangularis;fossa triangularis;ia;;fosa triangular;ia;;;;;
regiones;Tubercle of upper lip;Tubérculo del labio superior;Tuberculum labii superioris;tuberculum van de bovenlip;ia;;tuberculo di lep ariba;ia;;;;;
regiones;Umbilical region;Región umbilical;Regio umbilicalis;navelregio;ia;;region umbilical;ia;;;;;
regiones;Umbilicus;Ombligo;Umbilicus;navel;ia;navel;lombrishi;ia;;;;;
regiones;Urogenital region;Región urogenital;Regio urogenitalis;urogenitale regio;ia;;region urogenital;ia;;;;;
regiones;Vertebral region;Región vertebral;Regio vertebralis;wervelregio;ia;;region vertebral;ia;;;;;
regiones;Zygomatic region;Región cigomática;Regio zygomatica;jukbeenregio;ia;;region cigomatico;ia;;;;;
visceral;(Accessory parotid gland);(Glándula parótida accesoria);(Glandula parotidea accessoria);(accessoire oorspeekselklier);ia;;(glandula parotida accesorio);ia;;;;;
visceral;(Anteromedial basal segmental bronchus of left lung);(Bronquio segmentario basal anteromedial-pulmón izquierdo);(Bronchus segmentalis basalis anteromed. pulmonis sinistri);(anteromediale basale segmentbronchus van de linkerlong);ia;;(bronquio segmental basal anteromedial di pulmon robes);ia;;;;;
visceral;Accessory pancreatic duct;Conducto pancreático accesorio;Ductus pancreaticus accessorius;ductus pancreaticus accessorius;ia;alvleesgang;conducto pancreatico accesorio;ia;;;;;
visceral;Adenohypophysis;Adenohipófisis;Adenohypophysis;adenohypofyse;ia;adenohypofyse;adenohipofisis;ia;;;;;
visceral;Anterior basal segmental bronchus of left lung (BVIII);Bronquio segmentario basal anterior-pulmón izquierdo (BVIII);Bronchus segmentalis basalis ant. pulmonis sinistri (BVIII);anterobasale segmentbronchus van de linkerlong (BVIII);ia;;bronquio segmental basal anterior di pulmon robes (BVIII);ia;;;;;
visceral;Anterior basal segmental bronchus of right lung (BVIII);Bronquio segmentario basal ant. del pulmón derecho (BVIII);Bronchus segmentalis basalis ant. pulmonis dextri (BVIII);anterobasale segmentbronchus van de rechterlong (BVIII);ia;;bronquio segmental basal anterior di pulmon drechi (BVIII);ia;;;;;
visceral;Anterior lateral segment of liver (VI);Segmento anterior lateral del hígado (VI);Segmentum anterius laterale dextrum hepatis (VI);anterolateraal leversegment (VI);ia;;segmento anterior lateral di higra (VI);ia;;;;;
visceral;Anterior medial segment of liver (V);Segmento anterior medial del hígado (V);Segmentum anterius mediale dextrum hepatis (V);anteromediaal leversegment (V);ia;;segmento anterior medial di higra (V);ia;;;;;
visceral;Anterior segmental bronchus of left lung (BIII);Bronquio segmentario anterior del pulmón izquierdo (BIII);Bronchus segmentalis anterior pulmonis sinistri (BIII);anterieure segmentbronchus van de linkerlong (BIII);ia;;bronquio segmental anterior di pulmon robes (BIII);ia;;;;;
visceral;Anterior segmental bronchus of right lung (BIII);Bronquio segmentario anterior del pulmón derecho (BIII);Bronchus segmentalis anterior pulmonis dextri (BIII);anterieure segmentbronchus van de rechterlong (BIII);ia;;bronquio segmental anterior di pulmon drechi (BIII);ia;;;;;
visceral;Apical segmental bronchus of right lung (BI);Bronquio segmentario apical del pulmón derecho (BI);Bronchus segmentalis apicalis pulmonis dextri (BI);apicale segmentbronchus van de rechterlong (BI);ia;;bronquio segmental apical di pulmon drechi (BI);ia;;;;;
visceral;Apicoposterior segmental bronchus of left lung (BI+BII);Bronquio segm. apicoposterior-pulmón izquierdo (BI + BII);Bronchus segmentalis apicopost. pulmonis sinistri (BI+BII);apicoposterieure segmentbronchus van de linkerlong (BI+BII);ia;;bronquio segmental apicoposterior di pulmon robes (BI+BII);ia;;;;;
visceral;Ascending colon;Colon ascendente;Colon ascendens;opstijgende dikke darm;ia;dikke darm;colon ascendente;ia;;;;;
visceral;Bile duct;Conducto biliar;Ductus biliaris;galkanaal;wikipedia-nl;galbuis;conducto biliar;ia;;;;;
visceral;Corpus cavernosum of penis;Cuerpo cavernoso del pene;Corpus cavernosum penis;corpus cavernosum penis;wikipedia-nl;zwellichaam van de penis;cuerpo cavernoso di penis;ia;;;;;
visceral;Corpus spongiosum of penis;Cuerpo esponjoso del pene;Corpus spongiosum penis;corpus spongiosum penis;wikipedia-nl;sponsachtig lichaam van de penis;cuerpo esponjoso di penis;ia;;;;;
visceral;Descending colon;Colon descendente;Colon descendens;afdalende dikke darm;ia;dikke darm;colon descendente;ia;;;;;
visceral;Ductus deferens;Conducto deferente;Ductus deferens;zaadleider;ia;zaadleider;conducto deferente;ia;;;;;
visceral;Duodenum;Duodeno;Duodenum;twaalfvingerige darm;wikipedia-nl;;duodeno;ia;;;;;
visceral;Ejaculatory duct;Conducto eyaculador;Ductus ejaculatorius;ductus ejaculatorius;ia;;conducto eyaculador;ia;;;;;
visceral;Epididymis;Epidídimo;Epididymis;bijbal;wikipedia-nl;;epididimo;ia;;;;;
visceral;Epiglottis;Epiglotis;Epiglottis;strotklepje;wikipedia-nl;;epiglotis;ia;;;;;
visceral;Free taenia;Tenia libre;Taenia libera;taenia libera;ia;;tenia liber;ia;;;;;
visceral;Gallbladder;Vesícula biliar;Vesica biliaris;galblaas;wikipedia-nl;;vesicula biliar;ia;;;;;
visceral;Gingiva;Gingiva;Gingiva;tandvlees;ia;tandvlees;encia;ia;;;;;
visceral;Glans penis;Glande del pene;Glans penis;eikel;wikipedia-nl;;glande di penis;ia;;;;;
visceral;Greater omentum;Omento mayor;Omentum maius;omentum majus;wikipedia-nl;groot net;omento mayor;ia;;;;;
visceral;Inferior lingular segmental bronchus of left lung (BV);Bronquio segmentario lingular inf. del pulmón izquierdo (BV);Bronchus segmentalis lingularis inf. pulmonis sinistri (BV);onderste lingulaire segmentbronchus van de linkerlong (BV);ia;;bronquio segmental lingular inferior di pulmon robes (BV);ia;;;;;
visceral;Inferior lobe of left lung;Lóbulo inferior del pulmón izquierdo;Lobus inferior pulmonis sinistri;onderkwab van de linkerlong;ia;long;lobulo inferior di pulmon robes;ia;;;;;
visceral;Inferior lobe of right lung;Lóbulo inferior del pulmón derecho;Lobus inferior pulmonis dextri;onderkwab van de rechterlong;ia;long;lobulo inferior di pulmon drechi;ia;;;;;
visceral;Inferior parathyroid gland;Glándula paratiroidea inferior;Glandula parathyreoidea inferior;onderste bijschildklier;ia;bijschildklier;glandula paratiroide inferior;ia;;;;;
visceral;Intermediate bronchus;Bronquio intermedio;Bronchus intermedius;bronchus intermedius;ia;;bronquio intermedio;ia;;;;;
visceral;Jejunum;Yeyuno;Jejunum;nuchtere darm;wikipedia-nl;;yeyuno;ia;;;;;
visceral;Kidney;Riñón;Ren;nier;ia;;nir;ia;;;;;
visceral;Laryngopharynx;Porción laríngea de la farínge;Pars laryngea pharyngis;laryngopharynx;ia;farynx;laringofaringe;ia;;;;;
visceral;Lateral basal segmental bronchus of left lung (BIX);Bronquio segmentario basal lateral del pulmón izquierdo (BIX);Bronchus segmentalis basalis lat. pulmonis sinistri (BIX);laterobasale segmentbronchus van de linkerlong (BIX);ia;;bronquio segmental basal lateral di pulmon robes (BIX);ia;;;;;
visceral;Lateral basal segmental bronchus of right lung (BIX);Bronquio segmentario basal lateral del pulmón derecho (BIX);Bronchus segmentalis basalis lat. pulmonis dextri (BIX);laterobasale segmentbronchus van de rechterlong (BIX);ia;;bronquio segmental basal lateral di pulmon drechi (BIX);ia;;;;;
visceral;Lateral segmental bronchus of right lung (BIV);Bronquio segmentario lateral del pulmón derecho (BIV);Bronchus segmentalis lateralis pulmonis dextri (BIV);laterale segmentbronchus van de rechterlong (BIV);ia;;bronquio segmental lateral di pulmon drechi (BIV);ia;;;;;
visceral;Left anterior lateral segment of liver (III);Segmento anterior lateral izquierdo del hígado (III);Segmentum anterius laterale sinistrum hepatis (III);linker anterolateraal leversegment (III);ia;;segmento anterior lateral robes di higra (III);ia;;;;;
visceral;Left inferior lobar bronchus;Bronquio lobar inferior izquierdo;Bronchus lobaris inferior sinister;linker onderkwabbronchus;ia;;bronquio lobar inferior robes;ia;;;;;
visceral;Left main bronchus;Bronquio principal izquierdo;Bronchus principalis sinister;linker hoofdbronchus;ia;luchtpijpvertakking;bronquio principal robes;ia;;;;;
visceral;Left medial segment of liver (IV);Segmento medial izquierdo del hígado (IV);Segmentum mediale sinistrum hepatis (IV);linker mediaal leversegment (IV);ia;;segmento medial robes di higra (IV);ia;;;;;
visceral;Left posterior lateral segment of liver (II);Segmento posterior lateral izquierdo del hígado (II);Segmentum posterius laterale sinistrum hepatis (II);linker posterolateraal leversegment (II);ia;;segmento posterior lateral robes di higra (II);ia;;;;;
visceral;Left superior lobar bronchus;Bronquio lobar superior izquierdo;Bronchus lobaris superior sinister;linker bovenkwabbronchus;ia;;bronquio lobar superior robes;ia;;;;;
visceral;Lesser omentum;Omento menor;Omentum minus;omentum minus;wikipedia-nl;klein net;omento menor;ia;;;;;
visceral;Liver;Hígado;Hepar;lever;wikipedia-nl;;higra;ia;;;;;
visceral;Medial basal segmental bronchus of left lung (BVII);Bronquio segmentario basal medial del pulmón izquierdo (BVII);Bronchus segmentalis basalis med. pulmonis sinistri (BVII);mediobasale segmentbronchus van de linkerlong (BVII);ia;;bronquio segmental basal medial di pulmon robes (BVII);ia;;;;;
visceral;Medial basal segmental bronchus of right lung (BVII);Bronquio segmentario basal medial del pulmón derecho (BVII);Bronchus segmentalis basalis med. pulmonis dextri (BVII);mediobasale segmentbronchus van de rechterlong (BVII);ia;;bronquio segmental basal medial di pulmon drechi (BVII);ia;;;;;
visceral;Medial segmental bronchus of right lung (BV);Bronquio segmentario medial del pulmón derecho (BV);Bronchus segmentalis medialis pulmonis dextri (BV);mediale segmentbronchus van de rechterlong (BV);ia;;bronquio segmental medial di pulmon drechi (BV);ia;;;;;
visceral;Meso-appendix;Mesoapéndice;Mesoappendix;mesoappendix;ia;mesenterium;mesoapendice;ia;;;;;
visceral;Mesocolic taenia;Tenia mesocólica;Taenia mesocolica;taenia mesocolica;ia;;tenia mesocolico;ia;;;;;
visceral;Mesocolon;Mesocolon;Mesocolon;mesocolon;ia;mesenterium;mesocolon;ia;;;;;
visceral;Middle lobar bronchus;Bronquio lobar medio;Bronchus lobaris medius;middenkwabbronchus;ia;;bronquio lobar medio;ia;;;;;
visceral;Middle lobe of right lung;Lóbulo medio del pulmón derecho;Lobus medius pulmonis dextri;middenkwab van de rechterlong;ia;long;lobulo medio di pulmon drechi;ia;;;;;
visceral;Mucosa of nasal cavity;Capa mucosa de la cavidad nasal;Tunica mucosa nasi;neusslijmvlies;ia;;mucosa di cavidad nasal;ia;;;;;
visceral;Mucosa of stomach;Capa mucosa del estómago;Tunica mucosa gastris;maagslijmvlies;ia;maagslijmvlies;mucosa di stoma;ia;;;;;
visceral;Nasopharynx;Porción nasal de la faringe;Pars nasalis pharyngis;nasopharynx;ia;farynx;nasofaringe;ia;;;;;
visceral;Neurohypophysis;Neurohipófisis;Neurohypophysis;neurohypofyse;ia;neurohypofyse;neurohipofisis;ia;;;;;
visceral;Oesophagus;Esófago;Oesophagus;slokdarm;ia;;esofago;ia;;;;;
visceral;Omental taenia;Tenia omental;Taenia omentalis;taenia omentalis;ia;;tenia omental;ia;;;;;
visceral;Oropharynx;Porción oral de la faringe;Pars oralis pharyngis;oropharynx;ia;;orofaringe;ia;;;;;
visceral;Pancreas;Páncreas;Pancreas;alvleesklier;wikipedia-nl;;pancreas;ia;;;;;
visceral;Pancreatic duct;Conducto pancreático;Ductus pancreaticus;alvleesgang;wikipedia-nl;ductus pancreaticus;conducto pancreatico;ia;;;;;
visceral;Parotid duct;Conducto parotídeo;Ductus parotideus;ductus parotideus;ia;;conducto parotideo;ia;;;;;
visceral;Parotid gland;Glándula parótida;Glandula parotidea;oorspeekselklier;wikipedia-nl;;glandula parotida;ia;;;;;
visceral;Pineal gland;Glándula pineal;Glandula pinealis;pijnappelklier;wikipedia-nl;;glandula pineal;ia;;;;;
visceral;Pleura;Pleura;Pleura;pleura;wikipedia-nl;borstvlies;pleura;ia;;;;;
visceral;Posterior basal segmental bronchus of left lung (BX);Bronquio segmentario basal posterior-pulmón izquierdo (BX);Bronchus segmentalis basalis posterior pulmonis sinistri (BX);posterobasale segmentbronchus van de linkerlong (BX);ia;;bronquio segmental basal posterior di pulmon robes (BX);ia;;;;;
visceral;Posterior basal segmental bronchus of right lung (BX);Bronquio segmentario basal posterior del pulmón derecho (BX);Bronchus segmentalis basalis posterior pulmonis dextri (BX);posterobasale segmentbronchus van de rechterlong (BX);ia;;bronquio segmental basal posterior di pulmon drechi (BX);ia;;;;;
visceral;Posterior lateral segment of liver (VII);Segmento posterior lateral del hígado (VII);Segmentum posterius laterale dextrum hepatis (VII);posterolateraal leversegment (VII);ia;;segmento posterior lateral di higra (VII);ia;;;;;
visceral;Posterior medial segment of liver (VIII);Segmento posterior medial derecho del hígado (VIII);Segmentum posterius mediale dextrum hepatis (VIII);posteromediaal leversegment (VIII);ia;;segmento posterior medial di higra (VIII);ia;;;;;
visceral;Posterior segment of liver (I);Segmento posterior de hígado (I);Segmentum posterius hepatis (I);posterieur leversegment (I);ia;leversegmenten;segmento posterior di higra (I);ia;;;;;
visceral;Posterior segmental bronchus of right lung (BII);Bronquio segmentario posterior del pulmón derecho (BII);Bronchus segmentalis posterior pulmonis dextri (BII);posterieure segmentbronchus van de rechterlong (BII);ia;;bronquio segmental posterior di pulmon drechi (BII);ia;;;;;
visceral;Prostate;Próstata;Prostata;prostaat;wikipedia-nl;;prostata;ia;;;;;
visceral;Renal pelvis;Pelvis renal;Pelvis renalis;nierbekken;wikipedia-nl;;pelvis renal;ia;;;;;
visceral;Right inferior lobar bronchus;Bronquio lobar inferior derecho;Bronchus lobaris inferior dexter;rechter onderkwabbronchus;ia;;bronquio lobar inferior drechi;ia;;;;;
visceral;Right main bronchus;Bronquio principal derecho;Bronchus principalis dexter;rechter hoofdbronchus;ia;luchtpijpvertakking;bronquio principal drechi;ia;;;;;
visceral;Right superior lobar bronchus;Bronquio lobar superior derecho;Bronchus lobaris superior dexter;rechter bovenkwabbronchus;ia;;bronquio lobar superior drechi;ia;;;;;
visceral;Seminal gland;Glándula seminal;Glandula seminalis;zaadblaasje;ia;zaadblaas;glandula seminal;ia;;;;;
visceral;Sigmoid colon;Colon sigmoideo;Colon sigmoideum;sigmoïd;wikipedia-nl;;colon sigmoide;ia;;;;;
visceral;Soft palate;Paladar blando;Palatum molle;zacht verhemelte;wikipedia-nl;zachte gehemelte;paladar suave;ia;;;;;
visceral;Stomach;Estómago;Gaster;maag;wikipedia-nl;;stoma;ia;;;;;
visceral;Sublingual gland;Glándula sublingual;Glandula sublingualis;ondertongspeekselklier;wikipedia-nl;;glandula sublingual;ia;;;;;
visceral;Submandibular duct;Conducto submandibular;Ductus submandibularis;ductus submandibularis;ia;;conducto submandibular;ia;;;;;
visceral;Submandibular gland;Glándula submandibular;Glandula submandibularis;onderkaakspeekselklier;wikipedia-nl;;glandula submandibular;ia;;;;;
visceral;Superior lingular segmental bronchus of left lung (BIV);Bronquio segm. lingular sup. del pulmón izquierdo (BIV);Bronchus segm. lingularis sup. pulmonis sinistri (BIV);bovenste lingulaire segmentbronchus van de linkerlong (BIV);ia;;bronquio segmental lingular superior di pulmon robes (BIV);ia;;;;;
visceral;Superior lobe of left lung;Lóbulo superior del pulmón izquierdo;Lobus superior pulmonis sinistri;bovenkwab van de linkerlong;ia;long;lobulo superior di pulmon robes;ia;;;;;
visceral;Superior lobe of right lung;Lóbulo superior del pulmón derecho;Lobus superior pulmonis dextri;bovenkwab van de rechterlong;ia;long;lobulo superior di pulmon drechi;ia;;;;;
visceral;Superior parathyroid gland;Glándula paratiroidea superior;Glandula parathyreoidea superior;bovenste bijschildklier;ia;;glandula paratiroide superior;ia;;;;;
visceral;Superior segmental bronchus of left lung (BVI);Bronquio segmentario superior del pulmón izquierdo (BVI);Bronchus segmentalis superior pulmonis sinistri(bvi);superieure segmentbronchus van de linkerlong (BVI);ia;;bronquio segmental superior di pulmon robes (BVI);ia;;;;;
visceral;Superior segmental bronchus of right lung (BVI);Bronquio segmentario superior del pulmón derecho (BVI);Bronchus segmentalis superior pulmonis dextri (BVI);superieure segmentbronchus van de rechterlong (BVI);ia;;bronquio segmental superior di pulmon drechi (BVI);ia;;;;;
visceral;Suprarenal gland;Glándula suprarrenal;Glandula suprarenalis;bijnier;ia;;glandula suprarenal;ia;;;;;
visceral;Testis;Testículo;Testis;zaadbal;ia;teelbal;testiculo;ia;;;;;
visceral;Thyroid gland;Glándula tiroides;Glandula thyreoidea;schildklier;ia;schildklier;glandula tiroide;ia;;;;;
visceral;Tongue;Lengua;Lingua;tong;wikipedia-nl;;lenga;ia;;;;;
visceral;Trachea;Tráquea;Trachea;luchtpijp;wikipedia-nl;;traquea;ia;;;;;
visceral;Transverse colon;Colon transverso;Colon transversum;dwarse dikke darm;ia;dikke darm;colon transverso;ia;;;;;
visceral;Ureter;Uréter;Ureter;urineleider;wikipedia-nl;;ureter;ia;;;;;
visceral;Urethra;Uretra;Urethra;urinebuis;wikipedia-nl;;uretra;ia;;;;;
visceral;Urinary bladder;Vejiga urinaria;Vesica urinaria;urineblaas;wikipedia-nl;;blas di urina;ia;;;;;
visceral;Uvula of palate;Úvula palatina;Uvula palatina;huig;ia;huig;uvula di paladar;ia;;;;;
visceral;Vermiform appendix;Apéndice vermiforme;Appendix vermiformis;wormvormig aanhangsel;ia;wormvormig aanhangsel;apendice vermiforme;ia;;;;;
